flagged_address,total_eth
\xb2628597aac64b136c2aae3a516ea79a44817d77,52676.60234027426
\x311f71389e3de68f7b2097ad02c6ad7b2dde4c71,16709.103598073532
\x4ac6307a85d83962503f86457de9c331a6926f48,7423.742320714496
\x1d60606d8a09b5015d773a80b0c660bb8d91809c,2067.750892013527
\xba83e9ce38b10522e3d6061a12779b7526839eda,1990.7571315208065
\xef57aa4b57587600fc209f345fe0a2687bc26985,1835.17667148149
\x858457daa7e087ad74cdeeceab8419079bc2ca03,1630.5774191330895
\xaea3846e14bec1ba8f562844d39b1215a1d588c6,1283.9280043737228
\x4a0d27a1044dd871a93275de5109e5f5efc4d46e,1279.0553973423748
\xf0a924661b0263e5ce12756d07f45b8668c53380,1213.8873938742702
\x3fcb2d173389b7cd8079ef8b439dbd92e7e0ae28,1163.9041282770013
\x2268751eafc860781074d25f4bd10ded480310b9,1151.3030257909174
\x3681828da105fc3c44e212f6c3dc51a0a5a6f5c6,1086.0929108765422
\xed2d26eed06ecfbfd796d1ec551d2a649a31e576,894.4561496957758
\x4bf722014e54aeab05fcf1519e6e4c0c3f742e43,882.710017471721
\x89c98cc6d9917b615257e5704e83906402f0f91f,799.1989844460246
\xf33068d5e798f6519349ce32669d1ec940db1193,783.982947175108
\xfbf6f29c126382cf15795bb209ee506a174cc709,683.7081
\x05dd62c007cde143b402fa5da3937c40c70b4b14,625.9938805625735
\x536a6ba0d913d5d6a4ce2c6eb7ed0de3c0f0b89e,611.3820377217753
\x1e80dad60d19fb8159af3f440a8ceaa0e5581847,608.8643103920498
\x474057adf42f9f955e86aa1142740f9d7763e41e,563.5973131931052
\x7e3d7d8e31b3f472fcd3c1552a9f009131c50c6c,561.6435849247229
\x33f74739ce6be3b2c38af76f5adb3866cb4784c4,501.5937353187589
\xfad05ee13c8e0ec94e5ee9dc056dc451b2ad6b1d,496.98833
\x40949225c4a1745a9946f6aaf763241c082cb9ac,488.1959800651775
\x68b0e0db7918c0211ea1fb78292a879839137dd0,430.5548345424704
\x44a7ff01f7d38c73530c279e19d31527bdcf8c78,421.1034418904174
\x7c9001c50ea57c1b2ec1e3e63cf04c297534bfc1,376.09245246242756
\xd0cc2b24980cbcca47ef755da88b220a82291407,367.21312980114294
\xda657e9fa116900fab8178e5580a3a6cedd89f3c,366.7204460825684
\xb0dd2b7fea3c5790b39433cbd3e8fd35fd3cf662,337.9292746527286
\xb547027a4ccd46ec98199fa88aaedf5aa981db26,321.8099164694006
\x3853ba76ec6ae97818e2d0e0839c9eda6c396690,309.13066056129617
\x42c5459911ae51d1d005cbe39749bd8d8e533c22,304.4920985547965
\x5208d7f63a089906889a5a9caed81e9c889e64f8,293.9437948094366
\xc38d14bf89e0001260bb349a006d7e491e5f43ad,279.7541548
\x69f8e87518129498da751f26ea2309db05e7270b,254.68441878731184
\x2da8703d18afed53b303119e4ff06cf035a9fadb,223.20373410590963
\x1086feeb031e45e8fcd770662aa8302d7c23ba1f,218.4725976003354
\x0ae775637e63fa95855246fd82e96802d05883fc,211.61937829556902
\xb7c4a4341c0a03460b6cec4fa997dd2d748ce281,210.188266728
\x2d791afb30b48a0ac39e6b416d2f46aa095b1704,202.1169585914746
\x00e01a648ff41346cdeb873182383333d2184dd1,200.21649427006636
\x0c8b740e3377f2be7a108aeba6a2f660588c728d,198.85729956
\xab7ec7596fc05bc55afc07008cc06c1193ed6f9a,195.653135056
\x1e3c07ce10973fcaebc81468af1d3f390d2a4c71,195.16862465390537
\x62404bfb3e1c464f17e3af0c139e39d0703ae4a1,186.84866570308168
\xadf5b0c2103598fb66a61714152f1d1717d49fe0,182.67402332376327
\xe00e1f7117a69c34694ac1815177c93491fc448f,182.61427110225358
\xd7bb68b0ce5893983e5a2511b87e083609eb6ff9,181.683921
\x1de23f02e185fdc4f6bacc98d6c6419370e38538,180.99390648764376
\x22cff91f77a2ed675f3ab4aee16e15b27f6f275c,179.0779
\xf902aa3a62f9e28878129e1a8f1eb71e4fd7a88c,175.6671465282146
\x685445fe51b31790538890a6468851afbf7a0519,170.24559777637998
\xc249fe0288e75e47e62b138de8d020c9fee5a9f5,167.2313817633339
\xfe68de56a07cd3af0ec40c22b0193115ecdd0501,163.31579209820998
\x316b3b83c33b20249b61ded124f2620d8e823793,156.2386253840477
\x8a0e85901849b40a7f80399a00f7115193c0bdb2,150.9249
\x2b065809f6ec6df32878bcd26711a0e2bcf59c26,149.273246049435
\xcbcd4b518890429c0ffef3d782ed99b3adff009b,148.5914211402
\xaedc8a3afc62a3deee4eb232bfdb28058bf554d8,147.93432322879596
\xaec2cc8986bb14c0c604d5adf725ba33920102bc,143.8800497632979
\xc1e6e4d9fc0b7e555bb8634bcacc9a1067bec039,140.79711488072235
\x5d3f32f4b2e99fb79d2f6a1cbf3aa7390f8fc751,133.700186003
\xe4fa5149306b12d51dc0d04e5e95bc9704ccaad7,127.63896002583809
\xdafc2a2d4e070f863cfcb5887bc2516e05e18877,126.31132127478685
\x6506827d91659e871fc7267160ba1c3407195270,122.58523636355268
\xbe3364dfb8158a3e452ff96aeb247bf3f5f019b5,122.0
\x29e225d888cf11c5e67613bffd30bcf071eb3d4a,120.93622852084118
\xd93a9eba0b33896c629a7febfa2503f7ac0fa3af,117.31627068264
\x008f3db10374099a11ec263415cb88c952abeedc,117.0001
\xee18e156a020f2b2b2dcdec3a9476e61fbde1e48,116.45814313675618
\xc5d65deff5d1373f8b19aa8be528e9c3599013ba,115.2806852512
\x7cbc4e0d168744912c5afc081499145bbdc51e69,107.4276046358429
\xee14140f20fb737809ca206c238382b3f802ca6c,107.419484015
\xedc702ed96accae315a0f1e8fa2d5a6bc4feea69,105.729
\xad0c88f3313abbce2185597e87a15f764e948a46,105.04060569
\xd808259ca07fdf4d8fa825c4704f624352e2dc14,103.87266719
\x501577cd4865d7d50664a1519a79f1c0e7069154,103.80169859
\x397f44292e564bf85ea67a173d28a9fd5d1c6c73,102.0
\x75dbe6e21e38a05a82ad64281a9e28a627619273,101.39147076808928
\x6067a95e7bb071a5b73741628a0a5cb5cc164203,99.89836123994588
\xd8d0506ed425364ee126819e8b73fc3160c39d49,97.43334634089555
\x6d0b90ea2951ca5ad3abdb606e4146e9765f1ee4,94.55070185882758
\x05fbf1e3f105df6a4553f3c7f2ed93070a4bab46,94.49412852397059
\x545b0fdcbb2b404b26546521d4d183c2538509c2,93.54144142838565
\x3639b8b8eda816b2cb62b65159a183972a3cf863,93.51862979941596
\x336a3f0c4d40b1e39cee72e2e59330daf484848c,89.68030737323885
\x484f46f9dd32a0147126f07da4be61efc26ef42a,88.65791179
\x679a8cf6e181ebbcd9d14d0bd9595d8cfb79ecdf,88.22413417994757
\x0669398307efefb60030ff328a0cb6a3a840182c,87.43630530012562
\x8cf893f11f6037b14f0f827b9ed6aeef38931fb4,87.105356056
\x37c81cc9ff71d0f97849a947bf22e8e529b72230,86.4381349197102
\xbbdef8b12babd3ab6018566bc17ec3aa302b8348,86.19426781
\x23d56797f64640e96feaf57b7874c897b53ef0e4,86.01082348687527
\x155ea3c47d523ea150b2fb33ecaedc4928e0f2db,84.86871837
\x0d9786138578fcdcce04435592545ef08422d755,84.20036165284961
\xd754b5bf41b84bcb49cb952f858318640abc60e0,83.05155594254514
\xac82537fae701b2046f62bb718c4857787b0b647,81.92452801345677
\x6c712ae4986342773edc37a9ff7fa90b1b52ca6e,78.93126630942001
\x8c9d299cc3c2111499416cf4e3677328486cfac2,78.13733998782006
\x87b4eed5a781d8b847645082410070f002b41e13,77.0234898
\xc1dd8ac971129c8c08333924f58ff40a50b8bb9a,76.18835956489502
\xba6f1e885c5a9b97e4a0eb81a5146ea49f53d5c4,75.96750573519024
\x0dea8a35f4e39cdf65d3cc11f10612e9e0278b60,74.30950281908686
\x9e9e3b124370c763d1a4e838069da3dfdbfca059,73.69542537324068
\x1f6f1723d0db4e9783b7171392b6fa9ae1062fd9,72.59112288
\x02fd82cba3bae39484d5eb7f75b5f3d5f418c691,71.95072334505
\x64f3502c4b6b7e7f106e7ab1f175a4e2c2fde45f,71.56322957575676
\xd585209338fdc9eaa15ec3a2b7ec589fc99b9c5d,71.13623693743843
\x831ee6baf32c7f558d90dd8f16a45e2928c23131,69.15297565
\x7eb28833082eb28fd423ab30df20afde98c47dbf,68.8805466099419
\x0b7f284d74f549731499c44aed2a10adcc9e9cc0,68.40310449762157
\xde72b9575b532ab7cf37c677d95e9ce612b05ace,67.59834717244591
\x3bf351a62df57dce8512b136daa4cd6ebe2dda91,67.18085785
\xca4da1753336aa8340710e0e1a8c0bee2bfbf56c,67.11276857116168
\x0ef2724a6d8be9f72f3d35b62e1e8a37ceaf721e,66.93618471
\x408fac2d2d3d3ac4e356aa188119f5624fd8c9f6,66.26103009542844
\x33bf8bde242216da572d6486d641ae0a18137306,65.11738283003811
\xeba3dbe720092b2c120fa5b6752936477ab4ec6b,64.68698956
\xbb27d8db02d9035c0783166ee39269d97a1985e2,63.96898205
\x1d7bc400d3c6d9d37ec54d0e729cbadd06dc0390,61.96668483
\xe7a06aab8286cef4206942a4891ee95a40e86466,61.73395891777778
\x660d30d1fbafdc88a1951370cbe2b3094dbf224b,61.44397802555151
\x6d64486a5c99139b53239297e0b653d196d05777,61.21056009
\xfc4bc1b71630e2ea621f89a346f61372d1dc8f8f,60.718625
\x9d032989f82c0e40202ae5abd844ff68181544d2,59.89647599
\xbb53be0690ae7256833099a1f01125eb33445692,59.69626695240853
\xe82c95901451409ce1dd2dd6c13848b6fac5298a,59.226900205981934
\x4508b6691d8c938781f130519625b4cdd7b1f804,58.410318912
\x93574d7c405717d80520944ee1cb72d327b01df5,58.19204051827922
\x37e30fee740928e8db15d3dafd544baab6b87051,58.10139867
\xfa9980a7240ea1beb0b5ce58c0744fcd67f06104,57.9696269
\xe10270bfb1ed82e120bfc392efb3c94a1604ded6,57.25
\x886af3f44f4cbc38819ace2c82442c1905c0d22c,55.77521247
\x3aa65f17cde339df49afd2f88b3c8495842d5fb0,54.224358
\xac3800002e45ed2e1a55dedfa2aca137f6dba61e,53.849290107
\x37c85a7523b1832b4d0380b2f513e88b66e8c850,53.314947589
\x07bc847f898d370ae6991ee9cc3abd16797e5cff,53.16029303069087
\xff8e6af02d41a576a0c82f7835535193e1a6bccc,53.07025157
\x5bea5bc53ecbbfc459cef95b5855c47748ba3986,52.30006189247055
\x0a9f58ee19a7131ed031ea66a032c05c7efe965a,52.29961016
\x33ce6c64865f889b67b2297742a5855c94db8e5f,52.0
\xaa1886de3f70a3ef502ea1379a311c5b4e05f3fd,51.97254159460836
\xabc490af011c8e354b7d2112648883fe9e511695,51.89664248800198
\x41466413f0c7f11c5b1af39cc1344af9d21a6d57,51.86319992
\x1ce4312fdd45c9184a5561314122b2244bd862c9,51.79349416127654
\xb5f3a62e8f0468efec0a65b81c09e8b46d1f9158,51.75234050794246
\xaa2498d85ba7559006f90110a4bc33c10a06c1af,51.12590099
\x9a4b3419f7e74ffaac61aa7ae8d345dc4b8f0758,51.111920199
\x058e49378461c239dae065114cd9fa1c0dbc25c1,50.947020605194574
\xac2530772075b7576a7b27390e348fadf3345c29,50.09429970028715
\xb7f9fdb9f3f6142cf5e2b7bee8aeba059dfb091b,49.00395531555574
\x4c6bad785ffcf6c0746f53dbcac9c5e877f75bfa,48.76485909693225
\x27f897ebeed82240734489d52aa7e39a8ca257e9,48.31547245
\xf23a5c61e951b198adbc59e1a05a729c043d33d5,48.08101052
\x0f4cf489c65f5001843c525e1f374768dcad9b99,47.881865035476906
\xdf3e77cd5e563f93fc7eca905d3302e95f9bb150,47.74341580312513
\x3b0009071a0a9983e9aab537fd8c9ad478310aeb,47.23007095802725
\x1e071281416b20ac2cd50d2e8093b43f8526940a,46.526808863430475
\x4fcff4b71481562cd6fdb0fdc7e25f3a8db55598,46.27754497203406
\x8d4426f94e42f721c7116e81d6688cd935cb3b4f,45.94865
\xd33441a44da0c1dcee596abb7ebdcdba77c7ddbd,45.656481953367255
\x5c9b3fa74e0700a3cbffd168c7342799a163ba53,45.6393952002336
\x1363077895b20ae90f80794ce4e575559517d033,45.44057597614328
\xc3853f32675aebf17ff15e7fb0d2bfc7eb4cf11b,44.76254345
\x8374aa52bf36eabca06e33c4163a081f53e39aa3,44.67924914
\xb53fb00e8635be2d0ba259d6579650f5a907ee16,44.0416142873756
\x119240ef17333e8dcb19a0dd4f5fc848981b0ff4,43.675294091095
\x4a8a747408e23b8b5314a85df21b0f8f8307ab40,42.5996968
\xbc2f218dc8a094c850856cda55d35fe2097f21ac,42.2138
\x9068327ff0f5e99af7d1aefc5310e4560c32b84b,41.23650048378365
\x1b76d77499125f2b05779b78a8a642cecdc069ec,40.75442255
\x05e18136f048d648ee73dd5d269d590ff2873c33,40.664096076991434
\xe6693620c549d35c52496a1cb0105f2712baf771,40.44678871
\x7908e104ae43e5e6bac2d3fdaae3ccdf07ed8b8c,40.28151803
\xf6ce1549a57f39238b47569a4787e25e5d695d22,39.7330024
\x52005b77fbebf53cfd9527a388f58d0431aaaa3e,39.56392978486365
\x570ac27d1048dcba1a4c58fe80109b9cf9b0e2ef,39.437288415
\x54189eab44661be1b081b4535c050230a787d816,39.32655439
\xd6a779c7fb040d7d82283efb6b64810189647405,39.22430126117027
\x98198d7ecc42a3e18d3fc52957db46930cf1d2e8,38.961
\x0a888f0f0b772e17a2adfd62d3f15cec72c8d42f,38.88444183
\x4d2c10881813a371b2a6b8c0d9d06e83ccb9e418,38.77023525
\x311c65dcbe025ead81cab2925b81489123ce2eda,38.643330726
\x0db49185aae1f8f4b95ebd5323c1fa3822d4fde8,38.64142832
\x29c3adf6f50e2186c21f5ebb1ac073115831286e,38.53732399
\xa4fe2874a4ad464a50cb72a8c0b1a6ab221a7c17,38.45476344
\x5e3ec117baf30044a1b08267208a130e7d69704e,38.43755436
\xe24b37355ce7205792f7b1df7564874f59bbbfd3,38.18690426
\x1e857859deb11afd0ca7b760f21a3d8ddb03dbdf,37.582710442
\x0059b14e35dab1b4eee1e2926c7a5660da66f747,37.55604605856815
\xc3cc3230d0c50dc3a3a8cf77f6d6fa0a618bf5d1,37.26158925
\xe56303d8ff8c25c240f41d90fcaae1469c5b5f77,37.182325474
\xac14590ad8184a48302f59a8baaf924b865de4c5,37.11152492
\xedc0c49946b93aa296a11298480ae7913bb65222,36.78114723069704
\x98c29afea6f69b59ad1790ce2e0effc0bd38433f,36.75217232
\x785a751b2e36b2b0fdb80100b7ca14889a768a22,36.68395905853662
\xff481ca14e6c16b79fc8ab299b4d2387ec8ecdd2,36.6737774641
\xc169a0e826f22fc7d37a48aaa346ffb4521c35cd,36.669664048
\xf7fb243ff0df4b35f5f7fa5317c128f16e71cf9a,36.56147383243243
\x5e5d6f6706420f932d796c0f28a83b26dabcfd8d,36.388760018
\x3331f67f5b2544fb0f2d7c90f7b8109d24bf6e7c,36.02
\x3d075995577c0c3c65a466fee47ffb1ba6a41b02,35.99561218578445
\x7083c1bb9a6d9c73cb9b3c200e992e43ff103462,35.9225656
\x76bb5b6177096b337c79f2f948aa08b0db5f5211,35.78582946769609
\x19bfd8a539ca899983b30e1d1c3370ac03d6b7ab,35.590304257110986
\x964a7c09e3db065ece947fdb7f90bf0068a6f98e,35.49
\x46cd13ad73b0260bccec6e722c42a7b76ae19b67,35.294708403304476
\xe0b13c073e8173b06062c69a160ebb54e2af86c3,35.142868161
\x2223d0e991e67830f9184171e2f5a44c1f0dee09,35.094836817391304
\x16c26eb6051fe13273c634cb6df70a26befa9ec3,35.001656164
\x4985a8d068a9cac4b81faaafb8d4516ae46dd768,34.627
\x79b570f107f07589244c76ad8fd9a7cca0fb80ef,34.58158744
\x870691b57198f065530e90f8e98c70d0bd545e3e,34.53470329
\xcc66ea7ef61a67df02afb18706c68a5f30b22300,34.05204719243633
\x37a8c55f6860e19f353686f5dd9c603adb8448b6,33.703075702
\x6a0e59af84f7a9afa5708b5e43c4845b17aedaac,33.61141314
\x41cd1343c6e497c075b7ed1e9f003d65141833e2,33.52762032
\x1cbc864ea74e0f23f103df8623ba56a01b1eda59,33.01104563977778
\xf1a4b668d15f0e66543e9f1f795cc2b0f97e3ef2,33.00821948
\x297a88c749273f2de6a378a6015dd624d993c671,32.86657056
\x6d08f8573e742db3eb88d8c545971e4dc9668528,32.76301447670805
\xb6ecd180f5cbb9167147394841d31f94eff77dbf,32.4238377
\x12a1ccf979d65333e8e27ede047b476736b584a6,32.397614551304095
\xf487d016b2ea5bebdeea03fa12adcab51237bc25,32.37696985
\xc71943c6411dd88aad1e5b69da551f16596d73cc,32.152202541987656
\x1865bf39ec9712f5f3d57cf423495c318939ab3e,32.14082037
\xd3ddae456004ed85639a39a9751192e80a967ed4,32.1
\x17897c5c38362d8f620e70fee0adba109af5db2d,32.0928303001
\x00eb6f5199cd0b671da371969b1a0f948e982fea,32.04440777
\x28a6d6e41fcca5b003f22ceba48aa689325dd62b,31.902752050479947
\x3422258c54c75b879ec7b2b1050186a2c0eb0ebd,31.8247686
\x8369f6723c4792b41d4af4190662269431ee5b0b,31.80722
\x17935dffbc228397d2f5a67061867804cecacae8,31.6930946370032
\x6d0aef62e321cf1afb74a4a305f380d9f5c34c8a,31.359952666
\xf94b8e0ceba6dcd1b888fe02141dd9d0b8e67715,31.29114880036324
\xb0608ca76d2ec6984f652829e887811516e4b846,31.155693389767833
\xb37da5c9179345341fe50d37cfc961ba47c01f9a,31.005750092
\x9399082f5b30a7ba6460f328b9885bc0cf81443d,30.40030698
\x0a10c493bc6f7faecca5be1e82d7fd7fb3774049,30.23375643
\x186006fa03374f548c35a7c2a712b35e40833f7e,30.04954484
\x45f7582fd6445918912977b9460475b5524cf962,29.831900107274414
\xf7d0fcd21d7bf83358656baaeb3c8c1903aa9614,29.82031776
\xf9a5139e42c3ca13d5b24d23ab2b18c278805dc4,29.5
\x34eea3e741f9a3e77fb34e0793b1af36edc2b0ae,29.431639106385862
\xf985aa8117999fa3f0f9e71a20d0fe7b88b9d706,29.28691080896269
\x051005cdcecd916fb8b98643d923646acc7e07cd,29.22109986
\x32672bd5f7f68ccae5e23986a11f89b51016145e,29.150149377720574
\xe349b26753eca84a2858901d414c612c8c8e20f9,29.13867945
\x645125230e924d2db84be4cabf946c87d5be8935,28.94511432
\xe3d474f3686a831bf380498d1dbd57fdf972ca30,28.65785210760494
\x303345349da72a28d12d5515f145dd77cb84bacc,28.65313993
\x988caa328c1f5f802c936dd1ae9e3da24729b687,28.6
\x34743ffa1f93e745668725e44efeb3c50a237796,28.434401649
\x3e53a430c39896daf1b241828e3b5e8d526503fa,28.39122767
\xe344e4b209e8eabaa2a6ddd1b0aa120b7599af25,28.387325216
\x3eadb407f81d62d27f63a8881805b1735f70e692,28.28173245
\x0967c50bfec4dba06e28e8fdbcfd15a23474fab4,28.21209197563211
\xcaa5854034d7eda409e2479c6c0351c167e21a08,28.10104095
\xb37722e14fcfc78a56312a9a746c5474822002f2,28.07304189
\xedfe1d963b32a89e05dd0bc0e8f595b4b9afb544,27.99333315
\xa7ce02b8195fe8e3116a7e1248f2725eaac86fec,27.90057148
\xf9fe85e19bd533c69067c6e2ff02727d40a54100,27.7573979
\xf9f876a42fcb0d40759790781fdc886449f54008,27.689277785
\x2e462fdef8cde7db82aa3f7c627731be94f7c9c4,27.63989778
\x7a16a0fd441a7591f2456c3cda068e33c6bbaa96,27.55712923
\x560833296ef7a7f41b30c1065225fa9b33830c19,27.444900084815693
\x629b2aa7fdda8f7527d6f8ea742c1d5774e567ea,27.405579413
\x1c50139c266559b29d7cb27635e0da13bef76a09,27.396502353002496
\x043375ebc36fff7a4fcef1359f3c89afddf56e08,27.21089717
\x0f89b38968065a571eeaf34dd6bf2093fb55c20f,27.16436814
\xbb90125091fd7c7953fb98b59f6ce75e2500e5db,27.128941884428343
\xa6626a8a85f2032930a25d278ae149191e3ba247,27.11291861
\x8c34460976e89edde3e2898dc7f23b597d295103,27.0
\xb48c99c37b7cf4ac0a1c2dca518782c1feb4f066,26.980532843738345
\x48ec7767d5def1c1520402b092356e070c5f1adc,26.91096666
\x9a4afeaecd8efe2a7186365b55e72503d555713b,26.84755834
\x9653d4d2c71cf7f61ba53b92355874e07bb4a86c,26.684760433
\x9849424a2f3516b70b56d70330c45c25dccb2c02,26.485769444897393
\xf605c1c8c1cd6bc3aa6f7383b86226c583ab2775,26.40453749958126
\x7ba85e2e55c7598378fe927ad2aef2dac6c45218,26.378
\xe2eeb03a93343b21dd39f201bb2803d8ef779b19,26.317146882
\x89c0e39f3b3be95c238912788687dbaebe7e6a2b,26.29420552
\xe54659243f8542d6abfd15bbff69f62465786756,26.284615385
\x87f655e887827ed11eb3fbc74767b18e142ccced,26.2492516
\x52b34625687d6266a3b98fd5d214828f0670d7ed,26.248312945332337
\x0697f9d4db21472b3461aa07be39b16cd5b56eca,26.20278288
\xeb85b4777698c0f41168087cd8d43a2fdef37bdb,26.13166247
\xcc71ee0f039f07adb1cf2484f4663cb6bf9e2689,25.96708682
\x69428858906050e78dbed8e65083d47139766b3f,25.914708650827116
\x9baac782ea141718437a825704fc61802993c03a,25.824778628581274
\x1efd1b1ee8174b5421786ef0127ea45076307d8d,25.81445362
\x1ee6b25a0e3f855a10916766df3a056e924e5dce,25.805290731061284
\x471dbd4d8fce14eae3b36efa8fa97a3937038dfa,25.67020723
\x8a46aa04725b2e2029bdcb924d671fd6a9c11dab,25.655064459489466
\x91459992bcbf089851abffa033559c2eef120469,25.652160312389142
\xaab92ead3017703f7f9f3f7ff71f623cd7a8d164,25.5354409485125
\xdb43de62ab5577bab0f2aaf6ad1a2d01ec527426,25.5280785
\x1e442d0461bd7a52fadb9920f6ed5bb3cd8ff75d,25.45938930153044
\x3bd330f121c493db91e59d9125968d3df090a66f,25.13078424
\xf7355cb5278fc4be2f53ce373f7cd9b543d042a1,25.12868999
\x07cfb04588154b06e3958b5d70408244102014d5,25.11234109
\xd0acac843aaab4cef20b322405405e67e90147d1,24.96046855666424
\xeb71af7cd339832ff8d88d985035b2793042eca8,24.88750992
\x1b8ee5cb5520ea3d12f64a8973c2a4f0cbcb1564,24.875623033263558
\x41467711f2d1f6021119ffb113ae0e78251b45fa,24.789626
\x6353940eabe11c7cd78ecc2085ae65cdacc5a92b,24.7259078
\x169b6c7ed548e45ba9d87b2d32ff27e2d00051ef,24.6761969755
\x418cb18a725a8b1043d2fb402bb71cc29e42e2e9,24.41841032
\x7d7f49f628e88413eb736bf059410bbdfecadcd5,24.32766120152557
\xfddbfa1b0b93612b95e3296690b63b74d019370c,24.319820533409555
\xbbfaf27674c2eb5d13edc58a40081248d13dcfeb,24.2680983
\xb9cfb36060785f6800b1ab9ccc9b4f341d097399,24.19724898
\x88f8717a2b30041006e08e286af9f1e9671b5724,24.1783736
\x754fb6a142ed0043937b676a067f2e367db52fa6,24.14293242
\x61cbef9db89e5d397bdde7ff9095bede35d4eeb5,23.99332693
\x606188614094946e0fcd05a0c94d51ff586fb01b,23.976787741116553
\xc1e6720f94a8d73e77a94d16fb76f7dd6edff54c,23.95734409
\xc9194a772c23a595dfab28e30376f2e16ec39e01,23.82092622
\xae9dcec1fb0814ca02ca1e6690d05f33488b4c8b,23.680950395667487
\xe2dab81efe425bdd0a64e9c69393f0243d7d672f,23.45156183
\xa525dd7a8034babf46f3f6e253035fb2bcf358b7,23.41656084
\x915c95415d3449212fd0991ccf5eb42864118ec9,23.2861134
\x4da9608f15c504a2b5c46491d9ccf257c5e2ff71,23.1347882104
\x09f8b64a3992ab516fc34de1157d2b4a39d45301,23.01115382
\xb767aa43b32827e6c26e126f845953712784cc1c,22.9335893
\x2d301d74a8d303da6408cc2dfda319bbeb48c125,22.933130300362404
\x4910e010ebf5b3366d1e80a134c1fa538ff7994c,22.916746339
\xf6238cbc1b74b183e54d63a555f867baa00d92df,22.861748697
\x7db9656fc8435f765df5748e32bf329098ffb5fb,22.83870537257304
\x37761568af636f074595bce8ed20dd5b404ed798,22.81681498
\x56ccaa034a0bdb7d3a9515cb580fb5448efb584c,22.73428129
\x23397c5d9c6363d67b3a294b677f80f93949bf56,22.71273934
\xbfba895e5acc9d103af39e8e95e21e4d692d0f3c,22.698571335864898
\xd868a76a1dcc34854903376e734e3cfe461dd08c,22.66779847
\x87318b9b7eed24f69907d53eb7727c0a590f3588,22.607091342400256
\x2dfc601db0c0b5eefc302249acdf936dce83cfb3,22.539855609345082
\x257890939f7c0b758897f7bd49a590b7190043e0,22.48649325
\xcac1e876812a36392ac2f58c507e912accc8c1ba,22.4411463699057
\x2cc762c27a50d18e50efcd3bee9e3154e3bb094d,22.364844274443048
\x6ec56fb2436ba6706cecd42403b6a1b69ff0817f,22.29040421558089
\x4ea9d0cf2f3dac3c7405c523471b5458ea2a8321,22.2376921248522
\xb1843d1eb962da7760a80fc91b442491cf437492,22.10046704
\x96ae446782c99e952f17626826c83bfdce53fae7,22.084793019617482
\xad2e834840954231b924b51bfb92c7f457ca30d9,22.063175155
\x2dc5616ec2b9d24906f0e11dc8d8a736392dfedd,22.057
\x8c9d135ac2778e1a7d326932aad302e7c22c94d7,21.73561191
\x934a0a1bfe01eeb4415689d8e66e56e3f1f13077,21.57869936
\x1036bc312f0279b5889bce88d09a100d411c0abb,21.526013099043713
\xb65db9f684f3bfa45ad3fb4cdc4120618ad81f00,21.473004391173575
\xcee56c3d77d814d29b9410c0f74c12781fce03ff,21.45544125
\x5b2b8b9c674e67f718bb54cc62c2a2e13308229c,21.4470644345
\x56f1c9cdf27beefa83700fca284fe1ba08a5546a,21.418307638621588
\x4dd0ef53784030fa675e2677f9cdc2a3e32e956b,21.39316039
\x545f5e5c54d8ac72af1c7de8c070387b73841a24,21.35036747388122
\x839db3994bef8842c0809ab84996ba839fcac11e,21.275347612725632
\x096c39ab4fa36ca74a36fe1f4767ff487762f0aa,21.1374684
\xc0095047d767857bb40cc77ef54569d4124984c3,21.07164864
\xb8ed23977f745865abbc645f09fc07f82cfde421,21.059795827561704
\x1cea7999fdafe5d156952ebf1816e8aa67a5485e,21.0242925
\xe03c6fdd69e268a00cc93fa282fb3ce82afc8b12,21.019361899
\x95c5db5bd9a0260fc457af4f6fc6de7819d9b1a6,20.983503735255777
\x65440e4ce8a9a596a20ec8f910dfc8b1a20c5f7a,20.966034701
\xb9cee6fa32eb4d0c8f30e3cd335b72461bd9126e,20.85038165
\x9b521529d04329c2b0a9f9b7db18ed775c6ca8fc,20.74328980312513
\xc15ffcceb80e34a780a46795dbd126e2d65c4460,20.74144745
\xcba1e79e47dd511b87dcc69b279953543d453fc5,20.715237178580498
\x11775a106157a283873a81e8ec58394b8d568e06,20.70133944
\xa6f2814c0020c38882e82d9bfde7b485a7297a1d,20.672304768
\x5aa31cecf59b98ed7deed6a6fc3e3771c1b11aaa,20.595238353120187
\x9fe0627303fe40f1631231b4dd016d30c13eafc7,20.455154374
\xc4b1a260735fdc817409183db8594baf9f0b0f2f,20.41132057
\xb9b9b6aca1a0cf4ea4eb0ced466d66a62f8eb072,20.322781472878738
\x934f49fcf451a34026e3dfc3f26a1de01b83b509,20.23127553053936
\x2557024c47835506da3acaaf3091565ce6952d28,20.19961166
\xa3c67d993bf73aa4f17ec03f900c865a4326cd7f,20.11209179
\x23667058d0cd398ff8d25e015c86322644c7783d,19.94002575
\x3715b1ed9bbd5e165af97619b5c5e13e39f55504,19.87457046891304
\xf19c11540e012227466a59cade5f7fcf8dc1d1d1,19.838218386233027
\x64c940690a3660e68d93d8c6412d900bdd3e11e5,19.79238846
\x1bbeed1e4ad3c102a58129c65f4e04c4c67009af,19.72439234798093
\xcc3a7e3c3cdcba86761de4fb3311b8add77761f2,19.68691155382844
\x64b212d2fe54db498df6099e5a9afa8298068f89,19.57739641
\xe276c66af8853cdd91c1a25608b4e8b599f4da0e,19.52
\xdc48d0f659267418e05915cc0a299cda3f30bddb,19.5180547
\x0cfdc4a2c05b1ff5fce36d1c1982d8666d7a9813,19.50816691
\x6fcf42fcd9c6a54b64d1b52083700142952a2805,19.34
\xba32570e4c276c74e6dc67bfa6f82253228bd1cd,19.33322079
\xd9cd7461f960e56364a294f124aac77b25e2b784,18.993363441
\xf23f9dda63ed0628609272dc0544c7a2f7189f51,18.905674218
\x81e7eae5baa0979398ba5c4b09cafcb8c690062b,18.888061483187084
\x7f83403bad5dfd150c10722977274a4a2bf05870,18.75446845
\xd79eb898431ea62636f08f738d10eb00446403de,18.734766080740318
\x3c98b49694c18ab0492a048ee213e2c3d3b3e0ff,18.71623375
\x0fa23b1b4dd646a3a55fb5e4c5eeab24d42edab0,18.4885468
\x619b947996557dbb4b3ca878247e8514fa3e7b30,18.27441902
\xceebb2d0cdc85e9774a232bab74c45fc883c15e4,18.19255478
\x0d6e198892a124fde9956d581b193832e3a8f583,18.03102213
\xc8a7efa8ff219cf002081c10c47f1d5f62b3fee5,18.0302768
\xd787e430cf92d42fa28b7643e41ea1d871a19fff,17.88017977
\x2784574e2405a7d3be1259b5f00412ae652018f4,17.791650553896446
\x9d4b62503b4b7993182323effe6245f6d77e4413,17.64192016
\xae34b154ada796cfebe8a60d265d266ef809fb05,17.599654487871046
\x0020731604c882cf7bf8c444be97d17b19ea4316,17.57988485222776
\x0e0ba79cb92e07555ef7a3fe9e18ba33dd0b6d29,17.53034689
\x085f9b53acbff0e4683463fef1a583d299bd4e25,17.47786609
\x89e5124b5162a0ceec512e8ba97cd5e6f065fd13,17.431715
\x62c71581708dd73b10e7aa2249778aee016ebf0e,17.41043165
\xaff9e40f9b245b15a1d1bb45516ca213e682fa81,17.35990536269402
\x87c348573f02768a97afb57aac3bb6877a353ae9,17.29324615
\x06091b32533835265bfa6ef8b32b04747ba77bb2,17.14969723
\x024c344da7208e60356378a252dab771c34be111,17.12212329
\x08389b19ad52f0d983609ab785b3a43a0e90355f,17.07869749
\x33e5d6c0447ea731fe4e2502a881b90ee991cf3a,17.039882577446814
\x1abc65765fd0df7d997635ebe3027384bcf7923e,17.005029436669314
\x6c20ef21e604028c649247c581e8e49fda6191ca,16.94037508
\xf033f0d9c1bf050babe586fddd94d8928f02ac50,16.91057759
\x0a7dde263eb93f69acd1671a223c5c93faa73701,16.87126568
\x3e9163816b073c2ce425c99e68ba8ae7caaec067,16.665748937251546
\x6de5f0c142daf2eab3c0d3751f3be6af5f359795,16.663438533759948
\xb9ee29ff43d319c126ed2dbdd74d49a2659ede56,16.516933369
\x47aed527c215b5c347dbf5befa08520011440389,16.45846109
\xa69ea6ab7707c551eeae1d443e179318a9dc73ee,16.42008804
\xd71bfdfd1cf3f6c1dbb1040ef08cf7b067f9165f,16.36587122
\x72a66bba491f0c696c4c4e3154d07b241d371944,16.31624692
\xe9aa3a74e3d62274f221eca42736cadc14ccffaf,16.25
\x34b6341655061f4b5830cd1a7b20a3516043af57,16.24001
\x581ffaadeeb6d183a73d93413e137cb8c6057603,16.13173015
\x2e3fd2b400a269f7a0b1aaf448ef02679cd557e9,16.06538439
\x1d024825cd31b78bb07caa42251b7ba3a71db9ef,16.03738
\x8e85939d6c149a6d2a173b5425306797e6934075,15.98879267
\x67dfa651e7aba5ef524920d2d69302ca204be633,15.76108081
\x4dad23689bef624af5d1757a56135901c915fcfd,15.71541337999998
\x997ad34840281d459251abdf9c90d9a8c6a6e01a,15.710147
\x68412063a56225ae349296a1db47788ccef4597c,15.62903167
\x304d66005b5ad49f7ce54aceba9bbadb4a5774db,15.61093591
\x7bbcee71e2283c445bdb076bb7fa187726a45d53,15.57488905
\xd1014b048deef8529f55d2db0059f8760cf51a8b,15.56468609
\xce82f4195c47110978099f86d2b33a8135f71974,15.52762803
\x64ebd0467304e04f96520ab73c6e07d40ad25970,15.506651973
\x85d642eafb5f15ef54852b57302040ab066ff2c4,15.48237188
\x8583ee650c6566503d1d9dd3fae76498e7e4ccaa,15.46772762
\x7c8545ca937767362e5cc348616ffe9061ebb78f,15.44125755
\xaba9897c9422b1c30733169d3da7ff83d7f23044,15.42903448
\xff2f6c6fbd71a078f1c1781855467d30897b5a33,15.37620207
\x9cdfc5b0aca4527a0916412e9dbd6ad85556a494,15.355
\xa2922ae30ff11c0fef6e250b3892a451bdd533f1,15.33451156
\xf0fc2d4d550253d8c165c599e0cccf221c7eb7b5,15.19499777
\xd3d7c71e4c5b1ff2f42fbb9b4a21f3373aa8b3b0,15.16979
\x2b164ae662a0ab1832c87cb4a226efec56219fb6,15.094977685
\x9bd4d96126b89072de1db15be636d4309a223a18,15.06358754
\xba8a5cf96d605b630025e3e2c8bd177391e32122,15.011227811
\x9a95f2ca24d1dcb01048e0623f63f9d174237deb,15.0
\x46cbc3c3710dc4a632842e155f18f30d4ab38aac,14.92722062
\xaa60f2b7e7cd32cc31620c3a5d10a79e6f2f5cf6,14.9012223194
\x4899f3371fb9f8e68a0b639bf1fd75220a089c42,14.86363870799503
\x7ea4270d456bc7b3e1c72f8a21a88a90c3d60147,14.834167037607216
\x5093c4029acab3aff80140023099f5ec6ca7d52f,14.831307551360787
\x73c9b03b1dadea685f34b17ddafbc11bd6327b6d,14.76958223
\x7448df6e1031d10e237b1481930a074b13faabd2,14.747287545
\xa5712afa19d70bb5dd57b91c43fffcaaf077dc3d,14.652437396
\xdc261f7a835c3692e22485ab2d78cbadf3842490,14.647734341631775
\x9d79aeece49694b01b2d2a44ba2c240de48959c9,14.62104593
\x83ec306df6bee5320cf6a57a52ff732791c65b47,14.47988264
\x4496370b4f0993152f761bd3b3d1dd4e7b1b3139,14.30513031
\x920adc9a060cda345fdec2fdebad6ebf38edf83d,14.289559
\x8d305fd29aebd6e0562de9321d55e7f0e6fbacad,14.27
\x3132215a1298f645567f2309ccd64b1ef5edde30,14.253
\x44b7fd8c984d3d66d8eaa6af4a4ba9976f257e49,14.252517
\xb53e95a4b7c5e15a790df3a66709b2e9f1cf9e3f,14.2377673115
\x5bf2df6ebcf90665d513c761ce5e516d99ae748a,14.14775208
\xa815748bc376d0014797031941ffaa5c61377735,13.95347917
\x5188d13bdd9d7ac30324a569e2ce42488374738e,13.953387869
\xbaf18322ce288b08b2c58081fd0d1a9f03a9ea37,13.9315018
\xa95171e49a7e187585c0d5cde0c209b76a5fd220,13.914539222328862
\x2a6c7867e605d0f0f940cec1669d98a33cf4c299,13.6874587
\x2789b7b3557f39643198433daebf6b43512be65b,13.653193882199782
\x0c4762bc7b1af1dc9448a827f53861c118b712de,13.652199863347578
\xeeb70fd96f6c8838aeffb9d8dc042eab97b1bb09,13.61781447
\xdc3896be3eb4bb3b3eb2f936348e942796078920,13.56887104371875
\x52c9dfd68c67aafc9e3e615fb38824b17def6432,13.495966001
\xa8b3c9c2a45d68eb435b5f3ef6712fa50cdbd996,13.47913298
\x3bd49b98ffcc5f717eed0c9e78a276ae979de6e4,13.46
\x6122ee683dbee50fd432fe5bdd8ac055aa3d42b1,13.42392278771897
\x4fbc4c6c416a84e04b2239202396f378d7af51ee,13.38769465
\x3683ed5a996c11d0eb4d47c9bff077772644ac62,13.32518974
\x9d03a3ad580cc2fb820349d3ff002fb2fc7a6b19,13.32095032
\xfa1f0b67b9b48b2e87467d72f09722e19ed601bd,13.2936471
\x8f9f6aadaf78225b94a84ca9ca80328d0d6b21ea,13.27166409
\xb1faca3ef83134815c3e28899cb132e019eb6616,13.24636608
\x52b949fb4678c20873135ce6b3727949432af1d7,13.168605703427415
\xce9e24dffdb3dc08efe33ad3db858576c3f27d5d,13.149842314932034
\x175f6dbf87215a6da7107977b4680bc3db31b2de,13.076682868753164
\x4a12eeb35bd5187be2d26e0fe8b906abd88b6897,13.051715079
\x1e75f03ff928bca6c1692179679afc0223d7824f,13.0
\x2f8debdcf62eb537871daede11f790d84ddf35cf,12.98892024372477
\x754a7657092fd2862338ff06ce02cfc389d49e21,12.958139692063769
\x61cf3335eef3bd86ae617cd2ea248494da8b83ca,12.947625316299112
\x88436c2a2f427f2aa641dfd8c6763facf2bad7bf,12.85515691
\xe009321b26350c2cff5db607068c1f6813df40d7,12.65757756
\x7cb16e15f66b8dca14385409f44336a9f679632c,12.64843081
\x85e150d832942b10383b6d83211224c1ef37fad8,12.61
\x2a206bca8ee7c324af1b67ae05373a59a3d4502d,12.50238354
\xa0c7d4f3fc7f8a46fb58990228d0b82a0354f371,12.48942
\x870c34e732a43e43e6a58dcbf14f4d9b823d4ca5,12.36868954
\x4a36ce6ad774329a8e5ad7e6a51a7c3bcf8cae3b,12.3589394
\x6668bd45b15e2775f03e738ef6257637a9745287,12.30680948
\xf3ae45d5a0b8efb41444101267b56e6795051fac,12.07971783
\x0cd4ea9b68ced287fc25923b071c0b1a0a14e9c6,12.04453369
\xe350160e3c8a07e92ec58ddcb8df81a73aedc6f9,12.026
\xa3ee246232ebd99ec9a07851116f9f67380c5e6f,12.016799805
\x57d02550f47dd932d2fb84e0aa883c9d8d53c313,11.930301985
\x4639cd8cd52ec1cf2e496a606ce28d8afb1c792f,11.896067880152927
\x4eb1d2050017cf862939340c017a31aa2d59d8d8,11.883085567
\x5584d5ab83d9e338a89769c66df095212bc528e3,11.874573438415858
\x53db08c95d0d6de34d8318970bbcb063f82fcc41,11.84352621
\x8a8869a8b53573294b0e03820253607d5528679d,11.83447817
\x8715e3e9cbe013bf54de58431a078a650b2ece1a,11.78901814
\xb0ce77a4f5c02b92235d6829c94b2d27f939abe1,11.7138568
\xa3efa3aeb27711b51b8bd12d8bf0885d4949f065,11.71124559
\x2c11e2b870472a32027500bf0facceb7200e768b,11.7
\xd5e846494df899e0d7ea5e628501dfe420d2643b,11.673134650340701
\x38b9dafe93f0b3ab7d35ac42165b73c0f3c5fd8c,11.59
\xa61a87497e6553e3b1cf66c8b02fa392a0eff1e3,11.58216186
\xf591bbf70178bcaa80d306ab65755ab7038962cd,11.52512698
\xddb690ef629a2e9277808c25eb5f9259d939dac7,11.519139
\x9a827b3aa6dd9781e25dc7bb58de67b2fa721d16,11.50231637
\x6ecce18c9c35167e174033d9f9f6e4b356cd2b45,11.48
\x637336064f49074587a15cfd785d17ed02aebf25,11.476089513888114
\xeaceb8e777dc8b1c11b8730904d13fbda070846f,11.41628995
\x93a036a4fb47f22989ec1d11b134bb177e66a6bd,11.41188025
\xa8a6497978c264d7ce268d826a834c1d7134d914,11.38044336
\xb5eb9d18c0413535baf1fa8bd8bf8f6ea7fea47a,11.31897437
\x679c34c26e7841b9fc0ce0ff40579219ee3a1ed6,11.270496105429947
\x0d202934db48341adfe26812a1d8731383b065b3,11.15344316
\x3a85774c434a4cc51fda217cf0e5caefd6c0af2f,11.1530313
\x1e89039e26c0b7f0e922011dbf3e16a230255cd8,11.01
\x21693c903aad555ae5188f7813108c61722b94a8,11.0
\xc4ce40af23a0619119e7f59730131c22650d5d11,10.97251505
\x6a1dea6f4c9d48035d855e8399e20e254f0ce1ac,10.97052416
\x83885fc61837b4a9e0960be80da2f2bc581ecbc6,10.963550428274226
\x860f3b648111294346897c6a8309ffbf22265526,10.94787028
\x94d55b6f8b53903026399ab45294140eafbfbf44,10.90182162
\xa23203c466a57649b83687a3d9129d3ec427c50a,10.841766585144898
\x03b70dc31abf9cf6c1cf80bfeeb322e8d3dbb4ca,10.820255979704472
\x60e6a89060b325148fe247e9e1c0d090e2764ec2,10.81799173013682
\x3f2cf669c657316985b01b1b797cb259c97d6551,10.806043065
\x9c29046a4178d15aa7be23e6b73ef0f2e429a9a1,10.77565215
\x0cbff6c0365083f20c9de72084be7fb11278aa86,10.736770777563821
\x1161acf9a61b8cd951f5364e897c586883a1fe76,10.69289851
\x91619a3456fdbac90bd93f51f2917981f0ed3097,10.6885412
\x713a6f26525b24581cbe20679811af8680abdddd,10.616132
\xebfce0f5135c0bd67f9fa5b1ae1366a566f659ff,10.58902434
\x3a992c15aae6d9b9062f6533cd12fc9f89e9a3be,10.576877992854353
\x18b139f86407b1a834da4258f01121ae9f8d06f5,10.570746791
\x56d0644c14745db2d2ce0de5c5bef914cedc1aea,10.529412499994624
\x1691b2f9986598e12c57aba5be50ebd5346247e0,10.50862
\x02d0b53ec925f5c5907eb3dd85bededaa4362564,10.44986569
\xe2972f7b92e32162e8dd4c30b0516baa2a24c3c9,10.37026530961497
\x9e009c57b36ac7e3382697b4c9d3e7092a1cdb42,10.352846105001193
\x4bb1c210e3921e0f051ed00e898b9605c902114e,10.314879115071266
\xea05f37657aed5d6066c42c1458cdd1aaf48b80a,10.239958815435466
\xee596e1cb59b0faa005e1bd2bda6d9fba98e43f4,10.20174475
\xda1cc010259496d407a764c381d0e82182d68d89,10.1
\x32ea6b24675349edb6df2896457819289aad180e,10.09804298
\x76524f023c42cb4018d24b8097959b2ecf8fa8ea,10.06181033
\x74a01390635d8d4016827fa3afb1a0f6c33ed8d8,10.011388224498779
\xc2dc7b86a5cfbc89e20d5d03026e973958d8e3b3,10.0
\x433c216a36681787a4603f2eecbd2e5f4085c7fb,10.0
\x078c2b3b09528fd7b80c9ee715f378d382f9139b,9.97485007
\xaa90ae1b969bc96e82c80e834b5f739e335b7e47,9.90411325
\x70ba69fcb5720ba8d573b78f641eecb775c0e5a9,9.84350794
\xe3224fa0197de258ba065c35380d7dfd2396ec89,9.824150998147521
\x973cc36eef960389b1dddce82a9f0663af61809b,9.76094124
\xf747726200c7fc14ef4ce267b1f070128c2260dd,9.75347552
\xd52fcaf53cd3efd7e1d484fd9cd2dd21355063e5,9.75330697
\x91718fdc91ea6a5267fae873ea3d8f612ed5a3ba,9.62266088
\xf97cb2b86dee9c33c7624fd7412889543cca7f5a,9.6189477
\x57dcf20135b0cb9d167e8ebfe13b84bfd67645ed,9.61679
\x976b3b64a42cf04d735583004c298aa4e62a913c,9.554381034
\xdb850d7dc1ade8ec00ce4269e732d3aa44286f73,9.55385133
\x4fafc9291a0112a0ee0928361c02848ff2fdf6bd,9.504
\x215e7e7edefda37eb39df17b8b91da9a60d85530,9.431
\x435fe8272698ca7032c41cbe5d412e0369d159ff,9.36914028
\xc0fed35b43f59c2bfb1eb544bd8921bfb18140c2,9.215966274865906
\xab5fd091c56a9b801e945a902e986e894e4f407d,9.208885307000616
\x9951be5ac7daf77724a4f7443bef446f6184a377,9.204
\xd51b910a21f091995a2fdbc54f8ae2f981506b5f,9.05772127
\x2f141d0cd81011436df8fa04bdac01cb6cf51a65,9.047944384
\x8eead6a5776dce374257bf7d4500cfe3c1e362a6,9.03366687
\xc348085a86d14f9ede78a5ddd5aa7fef232c9950,8.91840096
\x7d73f38770997f30bb6dfa2b8da184f2cfeba6c6,8.91173629
\x197f986c640aedfd3ce94553c61ece11937bc2bb,8.875952893556086
\x224b9f4666472682f3e805f4dc1e0fc39b7b96fb,8.78135241
\xd11d565ba23b523ef7737aa24bdbb75a06521d87,8.76532305
\xcd39300c31776ab6303fc64b930c1109c008ea0a,8.748842603614342
\x705f704d11020ff07acde8592bb80b044e15de16,8.68358143
\x92cd726ce03ceaa4bf7198ce9c52d05d63cee575,8.60892053
\x4686869e7b3c5fbdd35e399c2fc3e652647c2771,8.58562676
\x8c500bd17174e8604ff9ad3399bd13af245eef52,8.53405353
\x52bef206e8e0403cd60d37e48f4f3860d9545556,8.4714335
\xf12d3f5d38c2408da3122cee1432e89c16522b3b,8.46091054341348
\x798fb97bda4db2bdb5f75553f5a1ba73a5edcf30,8.36542445
\xfd2a63d44ff0799dc0dad7dcce74b4ac4bec2528,8.28531132
\xac513396ee50091972ee6fc07d120b6ad360b233,8.251730313
\x54b623c82365ef20680b17301bd949bcd5599eb9,8.23797678
\x8de51b248261c0e5736b412ef9faaaf619063b7a,8.19
\x0d4f74c538613ed6e6c8c1bc8896ecfd45f5ef23,8.156
\x86d5f3aa7bf4060a3f18832fc3faa3569483cc62,8.01917472
\x9da5f88e2bd9c4da00fa30a2230117dc5ad2621e,7.98874
\x387ba35be8c8cbf2f4d3ddb571cb80069bf100e2,7.92669574
\xc3caf142a41b0fae78a922c25fc0eecdcf0985d1,7.911420158
\x4684d57d2fe38b7990d6d82760922da0928e4eda,7.90669912
\x2914c01d6589b3b52a065a9d9cda539ca765a311,7.89678839
\x8f0bca6b1b2b522082d46f3eec31340f113b029a,7.887998354356
\xc8e16a468db0c3590d205df1e80df7b31902b656,7.86780822
\x37f6e167a71996cc94d76f34591d597a805270fe,7.85093608
\x6931e6948702245964dd446333c3bebd989d5e76,7.83
\xbcc6c0fef89b87a12773db7a9a8ecbccccdb7aff,7.805
\x63f32b8ec6e4dea892149834a7b8d7c9e67b4a0a,7.74
\xb1507f936066831b3cac64c203df247ef2c80cdc,7.686026
\xcf1d62627baf1a84bed11e30cf6cdae0f1b5c296,7.6851918
\x6997726e03707bf08032b8b6da935cae80524bca,7.68143146
\x68aacf41fa22ecd5ca0bb102da46b0f503e2e168,7.65074378
\xf1e250f2a27ab7ec5b82b287f2799260448cd51d,7.62507332
\xd522663a8a4dfe76a0bf1e608fc3b7aa2b9ccfde,7.502353903
\x6dd3262c18cd5a0f03dd8f2c0db5b19b8fb92c85,7.488167772228009
\x1038945a8acf315ffc97d54d3b4b72f3ed2fe2bb,7.48747245
\x5b5039be7a3a8b779d21908f1000e221f3574fa5,7.4778217041
\x3c924cbbd8ffb34b3da99c1501afb9bb3cf5e4f4,7.407787617068034
\x7c875ee4d4a1b29b41ebb2678df1f645f28d090b,7.37227387
\xc4625787be3fccff6ac2971945806acc167c8cbd,7.279750918130968
\x3d6b1ce6ba915bf0001b4fc135e98474ef6eeffd,7.24982625
\x1c16b965c7960fea0bd7e8629885cbe162223f2e,7.24406395
\xd582cec308d9320b2ec3dc2868b56549fc8ace5a,7.24301975
\xe5688e09a756ea28a87b9738d1f2c69c19754316,7.22993278
\x1754cebea65afe5cfe90ee7d393adce1568d2ba4,7.196916187
\x35810a676a84ec4db68c0a9286f7a740fda10b29,7.19
\xed6b90c028310122af361ce84a4604afbed40910,7.13282999
\x7c14369f68d7812c105a597beb13ff8da64520c5,7.11687364
\x46e92f6dc9a3ef7329e506e3834d6b36160126fc,7.10727983
\xe977419ef28e71ed541ff6318cea9a6392709a48,7.095581566
\x634cdd7ebeccccf517cd8f4eca959474bc1b58cc,7.00474984
\x8ee2ba41ef59b5773e5909451e0b8bad4e59a81b,7.0
\x0c6a415effaa3a2310c0db718090f4c5fd633982,6.998
\x4bde78ead56a30055d33bf84f52e420b0f6070ba,6.97608486
\xb6adacf355031c10b4fd70ee7fb4aca88a7c216d,6.94119281
\x3232d99007e509d29564099c622a89e143fdc05c,6.92873154
\x482729ad79e5da6c48c0e7a4b3e67ba13ceb7404,6.88350791
\x52b7c8857be3853fa68e09d9ba7a9adf075040ea,6.827057
\x77c955a2cb5bccaf0654d78a3ffcd8bd6cb0c2b8,6.8
\xbc91d37841f58fc8611ab045c240bd5241090b86,6.78881178
\xc4536f5c11a478d6b5811fe2d0bd034b3588b105,6.75710839
\x9546748f47a77408dfbff0dc22505b2e9a75fda4,6.689
\xe7300a38788ee039b20ae36c80dfeeb3a53d3a06,6.6800615
\xb64f875daa42173ccac0b01e502695b61a1a9a64,6.59741735
\xb0d2d2791657ce6cdf48b77a1e10f62e9b4ee74b,6.5744241
\x9dbb4976ff2836a6561da7e1e244bc862d2a1977,6.56373169
\x95ffcdf36129e5e256190609cd97841d03e52356,6.526449374777778
\xfb03e59c83b984da0f6a5575b955541af28ccc65,6.48755356
\x13369b4654cb11d0d3b31abff0a2d74a78485ac6,6.4515906
\xdfa8e0d144b1bd7b9f08cd05a7726cc20121292f,6.44788027
\x62ee4a3c690c9660762c52bf1a232365c86c879b,6.442786019
\x49358a824c66b64a2f0c8bb3c99dd73586afab16,6.40236358
\xbc345238f87abe2978456a3f1c04483e0b63932b,6.37829267
\xb131605ad697274a35ea275cbfff9f095723a064,6.377059041273367
\xe55996c55e188fbcf95ed6ca96fa933171c05fa0,6.29532325
\xf6eb7d25dfb8cd1d8fcb8d1cccab9f6f3e594ea8,6.243145197613428
\xece9c89fe25858417bc1305492c27c01662313e6,6.23210636
\x227ba10622303ec48d0f12c9ed96a59553b599bd,6.226469052
\x7fbf068316c5806a62d549441ae82b00fdb10de1,6.19265488
\x548ac87629ceb858aa09b419f5b9898ec5735fba,6.19250131
\xbc492382aa0586f08cdb2e0ba88c1048f1e7b44e,6.18487295
\xc2d7cf95645d33006175b78989035c7c9061d3f9,6.136574887656983
\x1c39d6e0278d1a28ce21dbd73826559b010224e5,6.118627
\x16881a3b5bd0f6b2f8c547dcf9bd74442eaddcf9,6.08308935
\x43ac6aae3c5dd21855c3aabe3cadb7dfdcf2e5be,6.0778
\x5f58fe612db5b3e97faf4a2e8f38b4ae295288aa,6.03910554
\xe4f158abd814face37a76bb046eb8d5d2982e48f,6.0048832
\xe74b02131ed2184eb94fd357b4f303e6935367f5,6.000811
\xdefb014b9e2f3bd81cdb084821f99b681cfca695,6.0
\x9a9a91492a76ab7ef901e064d0548937b5c80a9c,5.9925016
\xa2c7736dddf5cf870896c96e3017a78bc7bb6ef0,5.99216519
\xd47a0ce5d41eb793bd7008436082388b6894dc9e,5.99096618
\x3f92555d98ccee1822565f8b4e0c8bf406ebb674,5.99010713
\x319ce3233d17b45d49aaa9414f154832d0f9aa61,5.972748
\xec06933e56a99e06adbcaee148805c7d85cb46ff,5.96773387
\xada33957e96a59265345c75e9d4151dad5665270,5.96040347
\xa47879fc57ecd8b52bfe7cf61b9bb41b7ef84efc,5.868778226777778
\xe4fc4c3889b5442391acad627673f4ef7efe7b97,5.7590999
\x3cd62398553089a1eb75d434ce3cccbdfd4b56cb,5.68806841
\x118db57c34621acd0a91f02c8c18cd1a3ad7c213,5.6868742470210805
\x7eb3ff57dcbcdd5ed7c125ef3468f94b4c1eb716,5.67776747
\xb5e246a556057de46b9084184540d8b953d4d093,5.653966131
\x15d16a2073735251e663d96e3647f68e571bcbd3,5.62000108
\x4810b1571775dd861c61d87fbea1008e030a8ddf,5.58374408
\x443f933362d9472ac8fb9d1c4a8ead512881630d,5.548101
\xf17ba6d6ac0c9e691aa530482d616a4120134a17,5.5336294
\x6a1e30ec57dd27e9ad25eca7226bc023b5069f85,5.52223451
\xaf31bf4fa017768e6426308cf17e16d633700265,5.5
\xd821dfb705333d2c16e0c0c0be75ce360cca566a,5.5
\x2b5268fde5041f6b1afd77166de4e9ea5d9e967a,5.47557595
\xdccdce28bba5b796724f1b50ab350403d895fe08,5.47160592
\x73328f4f21693c22ffb2009125f6e4906af76af8,5.46455232
\x8bda591ac93925f485cd420a47a48eba87985ea0,5.46015344439466
\xfb1a7ccf5bcd436dcc0acb49ba1fb9f57bb4d064,5.39
\x2779554418f66834a811f2beabb0151474b9c67d,5.276594112
\xa0a51563ca933ecdf030f84425def24ab8cc6733,5.25315732
\xfad17c9da2bebf758e3bc0c99d1abe8af7e96ed1,5.217306848514201
\x74c38bf0c506eb5ee22cdd8827c109b0c91e0d77,5.19988297
\x86fe2696bfbfac26e78aa9020c87f1414879eddf,5.16287899
\xf63164c4912aed27cd900f92fe5a66f1ebe5c0ce,5.14813418
\x11608c87d514d55e28eb94984bdbacd3fd38b182,5.147557175
\xbe9d75228fd01844bada1394bfb5a4740c18c01f,5.11870516
\xf8178b379ec4fd758230d28c55c89c064708dfe5,5.1
\x9366876700ca6db41e244c6995770a518e043fa1,5.07765048
\x98fd213b5b0105bb50a980d07ac6fbeee86e4535,5.07120968
\x4e360faf9f228452af65c9b7a89ae023363672b4,5.062017697
\x3ea41dc576ccf70706aeece363833a26d9529c38,5.03322277
\x046e3a705d9bcd0e53d2b45161b48e39f4bc4090,5.0
\x499afbf1eae0943cc5ba8e80af7690c60a8bdcad,5.0
\xcb3f9c4cd5d31b4d6db04a63f5a414779cfe6fc7,5.0
\x88698a2ff09506596a88a1af9d103a420ba46a3e,5.0
\xa53577466e0ecae3bfc967332bb4739ff19eeb5f,4.98950565
\xe4837a2ece6832babedc2be30bb92da6fa42f484,4.97615446
\x490d29b8669823e12eb5f72d53c27ebe7f952ab4,4.93662136
\xd6f1739af2e63575f2df02af59f23f643eae3403,4.861229115
\x9969de6d6cf15ff37ad56116fcc89efc4a04edff,4.85485785
\xf8e676094628776690dbf83fa31f08aa14fd3fb8,4.84141026
\xb9c0179f1f0f19e11586d4d252bc46d88c1713a9,4.775
\x1d6065940bfd6ac7c4ec1e2a35e1420e0a9c1bff,4.74111773
\xf42788cbbdb00a32a981355ec5b9143b3c639c74,4.717551
\x39a37ef88447612abbdc85fe0b3cbec167315ed5,4.7068849834274165
\xa3bc42c2ccf7671bc73e71c2ea083dc3fc993585,4.6829066
\x9844f5c5f9aa7146a74ffc7b9227742acfa71dea,4.66401939
\x8b0987e0bccb30a53c5294ad73a80ed776457c4b,4.6505415
\x508e1101755a4a6ae228b0e18002a816ce3418ce,4.64030527
\xb6619073688aa467f8def1df8438fff8dd0d64f8,4.63018347
\x337c7361e523d792b7ac6be7a67f5e51915f8cc8,4.62
\x1c40d1a1cac7c586b9509c565296f91c8441af9f,4.59888551
\x684ede6645f1b71d77e0aeac519114ee8be3c410,4.586617722
\x6af114154a8850b1c54d48bd9103bdcdb420611b,4.568368024
\xfd8999b60a72c51ea892db66f5ef0c58f2ecd6d3,4.53792716
\x0ad24a61a0371d1dfe47c3b74169aaa5807efb31,4.5279247
\x4800dca78541d61e8fdf54f6da019ca0a68bd49a,4.5190771694
\x60c9c2de546be5fa9f5f1a05d174376d9bb7ad48,4.49312639
\x81053c561fd1e5305d05c651fcc2ae7c4ae2cde6,4.49196421
\xa62cb4bd9e69e9170a2d973aa3aece5a1215d41c,4.4853714
\xbe11d0d38ef4857224032afc9c96647492f726ce,4.47437963
\x681a36b6f411d10d78fe8446118a4ddae489e8b1,4.46504818
\x0a0ba956038d4a66002d612648332b9c4ab7646c,4.44066254
\x6a9c2ec4f4888d7338fc1b28584aaafeb01e6db3,4.42843157
\x368be389ce940bf17c3296344086e368bc4c60f3,4.414041888
\x45c3ef2bc2719586cd92766b3895868d3ee9ef92,4.38672
\xa51960df18ca816b738a401ac310656fba0d52ef,4.370706393
\xef35af4a5037a1e416514f1f016550cf7c865ffc,4.37000301
\x7debe420a36349fb8014c181c9a7e835e83efb23,4.34765983
\x5caa556d0b8fa8622b1746bcc1211429737dcafc,4.3321153
\xc2605dc15d3ece4ea7a160c615fbb229c88efca7,4.31642
\xef0d5aa61af54a8d932734b3f1949bf40b873bb7,4.315066128
\x9044bca784ff17dd05bd157f47c9cecb2dbcffa5,4.303526287917737
\x73d6b01f55e81a48155b0174c1f1386f8a6fe0c4,4.3
\x18341b373c795736c09bef6bef09bcecba4d27ff,4.25434791
\x26f7eb488661c33c43089ad61944f3231222b32f,4.24436019
\x8e3f2d9bbd1759e13ebd96d95cef2fe468009e6c,4.23609869
\xb733a811edf703701d2403d8196df87306bed6d6,4.210979651991486
\xd4718f4601af5365360896f763bb9d7173257450,4.2
\x8b6e20440a46881713f8f9da764b4094781e0f12,4.1959656175531
\x216dc48f74bacc2a1ae7c064fd22cb542a70088e,4.19589607
\x42e0d29d1cb3a28d748a7ac2d06d679329022c72,4.17221091
\x8408263f4f0691db34bd7666b5af61e19cb91b91,4.16349137
\xadb2f5aa3ee37bb3900db9919ab5cd8b148b5348,4.15644764
\xbcf00150719d0385b24170c52a7c7b5a6f588e20,4.14779412
\x83d7cb758c30d067e99e9f52f9e4f987101ab888,4.14398698
\x14258a5ddcad7001e8ac89b539df7e0f08a34500,4.13438561
\x0e783fdcfd5f3f1afbb11062315456bd16fee122,4.1257702
\x9db99e73c52bcc353963022ac184a25e80f655bd,4.11
\xa7886aa3b1d05b72c88dd467d5ada7809f419566,4.100916798283333
\x24f7ea54d9cdb021c0788caab3c1796aa8b2c161,4.09362874
\x903dc47aa7c40f9f59ef1e5c167ce1a9b39a2bff,4.07
\xcae77a05ab518492144944fb50572ebfa3595870,4.066502
\xf34bdf2c9057b186499a7bc8afad1629c808e263,4.06461454
\x8729abb00a517bba3d615ed13e7c9c55ab311d41,4.05930244
\x7a18cfc4a36e48163034e51a9ed19d4bdea05f6f,4.0545075546
\x289f70e8c29657e574de9cf78d74cb20f674936a,4.045874
\xe8166a324fcd1645d8ae06fbf98f945724676207,4.02958824
\x049b01966f721db6ec76097043e9d6eccaf719b6,4.026616942928525
\x2af0b9190aa127c1989886670481381b5b549985,4.02265221
\x28906b932cf61c99efc12615f4852bd2d512d8a2,4.01777428
\x804a67880f461c2ba4b927a10e99e371962b0f3f,4.01010899
\x916d37534f95f30c35a60a58150f48c2d0ff4be2,4.000041964363454
\x4764214c17e0bb358042345356a2ec5bf8e76c6b,4.0
\xd1bdd067f5f1cbd358e2dde444f8d9f41de8ae76,4.0
\x03e115d99f005f9df8accec3f3d07f54b593ee96,4.0
\x5917948da83aa6922b55dd689762bc22e555baf2,4.0
\xeaa4b711e7c025899460b429bef1ff8155ba4c66,4.0
\x3f2d73bd4f07044e33b4b9161a9a812ff044f02a,3.99
\x883d723b3f4a12edd577a47f80df9f2896cd3ce7,3.95615415
\x1e21312d1e05a13a7d4af51fff776b93d5324111,3.95610575
\xfdff5c88b7ce9b45037c360c380904e780de17a4,3.932384742
\x16b9c4333559256ca7d87b28c6fb2e8415b4711f,3.931539
\x13afabf464f7d3e6c7cf0e685181d9da3935e01e,3.92312418834839
\x1f319dd5015b1068f102912f970d63b9947e4cb0,3.9152613
\x584dab561e3c4ba02c74fb76e7c48a0a3b7d8097,3.8958766333426462
\x3d3337c3f58d6a09cee493a4111ff8b7df8ad001,3.89117405361
\x523ab8a576f3ceb0982913e651ca56495d54ee45,3.86168216
\x717d2041c516573a0e27f552cdb6c5c3ec7b4e09,3.842
\x0a78fa6dab70385dd46fbdd20da5d868eb43f904,3.81520501
\x37ce714cd173d79c209cabe9ab41830f5c31363e,3.8
\xe22d388301e7d57e20f59e03c14ca4c026c6c3d9,3.79042
\x0387cfc283ffcf25a4a6a61e832545bbeb7c8fda,3.779
\x7d067a450b17a2936cc27c44e5499359d9940155,3.767522227973387
\x5a504295ab80cca776afdc6db4f493e7c6fa8211,3.759763
\xaf5bda8f8b954b03474305fd148c8361cad4d2cd,3.7552326292514544
\xd289bc0a919e75b824f4dfc376e9f24c119ed3f3,3.7550973
\xeb6a066d30c55609fb9f3f6446c6ef8f27033d2a,3.74217933
\x5123bc9d86e99ea6b6c67c7ba66507f5b4356d7c,3.727
\xa2280ddc79183a0de9d3d90c63c0e7646874d9e0,3.71399644
\x8444173280e5fdc0525494638123b014cffcc521,3.71016795
\xe10708068c2c17b1d13ccd2f0b572fb737fc69c4,3.69
\xc601f6938c75c4ca03eaad570701d86e607771db,3.65126868430052
\x3d7a0fae63809c4725b13bdddabbb718939ad10e,3.64333492
\x483ec0e946d1d61696bc8f69ef10365bd80862dc,3.63588317
\x1b150b01dd61d54847a1c538ab9fe6f1639cacbc,3.615937475
\x0b2f68bfc1cd9c5886d1f8f41844e11aaa8a4223,3.6002219392
\xbe969917962ef564f936a3f93dd4cfb315ec41ee,3.56228252
\x9404c08c6ae0cd5f1fdbc558c7a61d3d7bff07e6,3.531764364860335
\x0eab14a501a8125387b0c1e2bd13a217cee45eba,3.515
\xea6e18fd3c301e4300bc99b6db792fcff376abb4,3.5107
\x43fa247764bfbe1beba49111e4ed215524f02c41,3.50746711
\xc55ca254045a09565a3eed7a0cb32d38b7062e52,3.50373951
\x28f45192fd495bd9cbb312a6080d086d14481ebc,3.50005037
\x018f2f4b3c9e38607aa7ab4dea23e9d663e3e050,3.5
\x837d87448df3e3cfbe1d613287e2c16d6e8a811c,3.5
\x8335392fe1b236296c5d5f653264396de165e46c,3.499958
\x9dbf942be15c70c4e1fb8c0d1b53007377bcaa09,3.49834568
\xfcb27f1e0bc118014107daae776f0aceed02e5f3,3.48
\x557a5c0b3acbf9fe59d5a079aa59c9c7ff481c87,3.45
\x143494359bbacc878308075c1c9fa05fcda96651,3.45
\x7c57981af4cee87567774b53f9da1bfceb8b944b,3.4
\xb617b6060e666b03844269a0a0a9e545a251e109,3.3994204
\xf962933e44b1dfc771738a034c80d87bdcd96ecc,3.35706241
\xa61344257ed7c98b4690572e63797d75b0753f96,3.34308936
\x2fb7fe1deb5bd7617f795447a10693f3de273e6b,3.32832837
\x15b4e32d5026a5a9ad3b68becadceb00b4eb9729,3.3161
\xce686d019e6f692af646a8df3bfe789da97a484f,3.2874
\x63ebbfc7530b49d8856bf14cbe78da584e8d0b2a,3.2697802
\xb82bfd79d5a8c0cc0d4c045633288b48a2beddcb,3.245431703000001
\x81c01024deaad32b015707f6f3ac948e88463204,3.243246661
\x1e67f055367bcbce045e1211f09355eb7411236f,3.18
\xf51b4021c6f1af31f44bf575188986e733a971fe,3.17323705
\xbc55b0f2dbaf492fc8adf35c0f9939eb5fe92131,3.1718483465327694
\x0dcfe28d5ff99290dad01b592bd46e1de8c5bbf0,3.16963359
\xa568d32db25a052a7887c401bb1cdffec5389201,3.141880007777778
\x9da01df0eeae50b30845a1cafb27e1f75887b887,3.13922085
\x75b60ba032cf8ee0b4bbd78bfbd7d99caf70a176,3.12799354
\xe4b332ec1fadf68f4243c077ece24f0448e063be,3.11728381
\xf31b4f7550833a746f788b36f2b292e5fa49a248,3.114
\xdcbd1172ae45b97e1c807d93707e74463295349c,3.110278
\xef6805af393c34fe772f8d827a5d26685215612a,3.1
\x8858297c69ed011c48feaa96f0c89349ef389b67,3.09819739
\x5580fb6e95230bf16ae7e2c6467d11566ed5b3ea,3.096139
\xa402aa2aa7b203ffd0a3bb52ecabc4cef038cd30,3.09
\x07920356975798037f26a934db461c7aafc8aa05,3.088824
\xcde79393c6f0deb9b7b51579a386c853feb8e104,3.05430988
\xb119ea0fa97c926dd55ff11cb90a1a0d578dc57e,3.03313514
\x79a9e902cfbe87fa5065905293992c15de7f6095,3.015
\x1e1041d4e5e03d90e6350f8a239d8c0e9770f036,3.014839
\x6d09d33c424932f59ce9aa777adf131fb3adbf3e,3.01
\xbdd6c2d0a22b1afa22fc0f5381eb08621db5929b,3.0
\x8dcdb7fc9f541825ba57fb47d5204317fc609590,3.0
\x5a307bb9490bf4bb588a6bea77e1ab622e02678d,3.0
\x26a022e559ec404c142ec873f1cde696ac97915b,2.989601
\xfb90119d9e1610dcbc5f3f2e7301aa62e9051916,2.9784369
\x4d281388b9fa97fc5bc13e8392040efb661b1962,2.939
\x94b40ecc7b38f5a9316b03dac4fc663e4d10cd15,2.935673
\x0a796062214cf4fc232dd8538a19035ac79a595c,2.9196442354397467
\x14a11e2ef83895918da176165e33025e02e472de,2.891915352419611
\x31e437cfa7dd0c6bad194e4865c3696551715c4a,2.87890664
\x34d202c37f9609a3d0d44db259ff51bae8ea2d0f,2.87530238
\x6d8a1bc0ae09ae5cfd4a7a2a59194598734ceea5,2.847377
\xaed20775c1d0d64796c9d023c8a7ac84557ba1ad,2.82897093
\x54e50eec86d757ef26269c061deace691b269116,2.81692179
\xb6751b16add74242ea28131ae7008f093734e455,2.80392923
\x429d386adc915ade21593609b1b89b976b2f2af4,2.79612927
\x7cd912f8df67b1e56e7aa82a66f4a518c76c0108,2.77844426
\x8d6be44e86edffbe294071a886ddfb4147831baa,2.77173143
\x059615ea15f7f0e2a276103127bbace30223d294,2.761128
\x0084515449b037205a33d6d3940a5684126aa4b5,2.751299586823272
\x0755e59d505c9b473aec50b476df3ea2045739aa,2.71097922
\xc77a77d24bb7cd50eec19cc1ce72ed090d841ddd,2.69537441
\xbc025972d6dcebe52793a2b19de53cf621cf1edc,2.69514215
\x879a8eea3ea7811fbe7867a8984836d12dc1f9f4,2.69042
\xd32357b1e1c0d1b469e2eef5baa0ebd3d02c2e51,2.688005
\x83940770976605dda722a620dd9d91825c8d65dc,2.66911126
\xac73ce5f0756c908daffea721b65d887c1814e21,2.665322
\xf41196e8efabce3fee5118d12b971423a8e8ddcb,2.65652561
\x504c839db36171d13f1b78ab323cf3ea084995fa,2.65
\xaf8185ffff6a3508fc5498a5165bf64de0b0a1e5,2.649465
\xed51c3c2fb6e6965aed7beec167b0596dc36116d,2.64519328
\x5a733412e4fbb89e7ebb7efbbd1b79d5fda4f4cc,2.633310324
\xfd8b13415d9dd061bb665438632fba566267bba4,2.61528087
\x1ae807d7645da9f7f65a3c4a7a8deaa08bf9efa4,2.60577571
\x2271a88623266069352196363c1e54f61c5141e1,2.60477396
\x9aee620a4d7df8e0056fb2896528d0c63819390f,2.6
\xc597498f0d102036ff7bf9fda401f3174d2e9d96,2.6
\xea1552675b714476ddd159844e279cdf81e70d7a,2.59982405
\x5ac8306d4c4ac8f95fab23aca0b3c41890b77eb6,2.5977801527631406
\x1e711a766cd4ec07c590eef54a112190b4826b4e,2.59551769
\xf6fc6941643384ccd56ad8f084beeb338b77128a,2.58
\xf76dea0a7ed40e379cc834cf94a6bdc59ac11044,2.56895786
\x40afc43212f407fa717ab3315b37b6cb3480c23c,2.55828737
\x88be7ad530cba44949817ce40db87a6d25b44fde,2.52438417
\x73f7b2257c688677ff9cc7bdd2d05e5076e0ae42,2.52356852
\xdd44566108758d8c8224d303ef92492229014a2a,2.51919855
\xb0f5b1c692d60e7d43fdbcbe2f5756b21e433655,2.5133
\xd77b95800f67deb52e0e0988dbf01a311a3ccd80,2.506
\x7f2b4801c338a7b3cc322bfaf151afea8708e8e0,2.5
\x784790ffba7136cfb2dd8f6671dd7626a6c5f3e4,2.4982
\x58049616f5cd4b2ccd3654d7015d271a985ff2e7,2.495
\x731dcf009e769453336b53380af55985da6d1127,2.49
\x8a04b6a0223af79e4acc0a55c7b166fe0794269a,2.4419458041085136
\x636e5292882e2342aaf82d651322aea09a3e5392,2.43993505
\x4c191dca6cecfa1e55caa3cf178eea52728b13e7,2.42688779
\x497e4c58a4106fee817e3bece3c5c029e964eb49,2.4074262
\x1d7821b0167c9eb24b49977d394fb5e4e2c9ab6f,2.39
\x5d1bcbde56db05bead0ff7c87c9dc85baf98ab32,2.36693288
\x839baaca91cbcf6c1632c55e1ae031c6b270df19,2.36343106
\xab486933bc2e24580080b9e97c2abcd493c0a136,2.342189276684296
\x1056d8d9ebb0e0d8710a0e2a1852d4a09d56464a,2.3309365
\x602026bd56bf9ca9d86926669e4353035aca2a88,2.33
\x3fb8a191f523973b65c8aaf7910319292aebc266,2.32593252
\x777c6ad16b303639489a38b369e423aa2c491884,2.302895
\x4ae9971e28d7f422b406ee1f3bb38e1b96637239,2.30138
\xdf50c2da0a52f2a3a231ed38fa1b79ad97ab9563,2.30024336
\xdc92cff564547691c1649d4ee44878979e47bf41,2.288005
\x0d9dacef694563ee0888e2751bf2349ac1b6270e,2.27429457
\x943db403251105195f56ce69c7c48a6320475ab1,2.25
\xb3b35fb20695f3ce1bd56c56e4df20d8ce222943,2.24740802
\xbde430f54a63016d8a5f31f243761653728086a2,2.238605114
\x18365a89e092ccc31d2a49ab5cb697564ec81bcf,2.23402
\xacf90f51d960bd6038e8a2ee7eba13cf714cffbf,2.23
\xb4ede22f85c3ea3f918b88d03e6c6f67bb30eeec,2.2
\xed8c8830cfc51f306c4765598cf3ee50ad8d978a,2.2
\xd9a1968aec13220e91a31d602f2519262b38dd3a,2.1578
\xbf0a4a57d66ec0eb94dce2fd0a4aa57f8b0a2530,2.1510990336358637
\x3385d7af59359a63b411e84390de380e90afa7dc,2.14982843
\xa1b04a60a35854d0749ae39b0346bceb55247ecc,2.14496688
\xc387587a1d7cdf7aa73e14ce03ffac945777aaed,2.14001523
\x89271335db9d0024f725ab23415678cdea3eb368,2.14
\xfbb62df5cbc8d0bc4c2a0e5c53b8602d49471495,2.13718459
\xca8e988ffb5a662f8201c90b6a45cc7826f5f15a,2.13033077
\xdf390bcb82f2f574b690f649da6019db64b86ca2,2.124352
\xe597880cb0591c6fc09e1b2778c26cad34922b82,2.103858357520601
\x1164b5b85af48f92f35a7b3043300a91ae8d0b48,2.1
\x08afea4ec3659a2e478f81fef2b784176a0b7d2f,2.1
\xab1c30cd2d9964b3b845ef744e2e4043739430e5,2.1
\x813ca840322e3795702300bb3ebaf7aee9af9536,2.099958
\xec4208e6786bb63b3a204590a477585dc8152b4b,2.09229437
\x02d1347abe00beaa073058b1414722cdcc31abb3,2.0875939
\x902d0d5bb6a34307bbd1da33e61ae1654b6cbe1e,2.08518169
\x2d4498a2cf71f5b0946f0ebcfff97ca9d0cd5d04,2.08410367
\x2f0d741580d9dbc27e51e5dbe83f5797f868c2e0,2.07970175
\x7b66563dd534c3e66fee08c995da9d5e77c883f9,2.0760990814437887
\x78c544eede78eb781707a1d46377bf6be9d028df,2.07
\x6e3e57e536aab05950774945d9cdbf506865c52f,2.06
\x574d4cea313269e482f4b53d889a940241d99e45,2.05119789
\x7f7be29bd339a38face53918dc8cdbf6a06bc7e7,2.04661749
\x72696ce345abb71398384e42cfbf6c9a995246c0,2.0333217
\xc4c474507cc8bbb5c8cf06f7351bd5395e83175d,2.013958
\x0310c4385311d225cbcaca26fefc9ab45d3eba3e,2.0123799614754074
\x368b04c943161febd18aa596b657a8db22031957,2.01
\x5d0dd8e7585201ab1bc36fcec3922cc4ff6cef64,2.0076333
\x2b1c266e2a39a7a30aed472fad47d6b6ab953f7e,2.00066502
\x1b42bf30cd988ad20500ce47cce52098576ec2a2,2.0
\xdd0385e83fc3cbefc00c47716774d71ee583805a,2.0
\x2aa40bb0993b5a2d00da4c1cd9555c626974c1a9,2.0
\x196333b00abf440c044b7164868cd5a4682e0276,2.0
\x1a8479634ba4f57533b48719f9d2b20c5fcdfa9d,2.0
\x166ee9bd9119cd8e4e9a7fb27518fce3218f6caf,2.0
\x91442fd15202bd77d7e42e59a87bae18f7fc3ae3,2.0
\x47fea7bb88beca144e82ce96a20a25a0974ba6ba,2.0
\x0b591a58137f154f59aea1284166d6a7b49821fd,2.0
\xbf863b57322a1e634388946f942306393a5d4c69,1.999517
\xba25feffe57126b503c2a313d928ee99e25884b6,1.99600649
\x451ba6133b64829398fe074ae649a7998acb16f3,1.98906327
\x7b904df207858b9a4fcd0d9538ef633bed316287,1.987916
\xc46e1430b1d4b7066b9b6655293492256ba216b9,1.96795579
\xd877a34bcf28d6753fd4af2e3c29c861d048ae8f,1.96127143
\x585f148c35a5f50829a29f6ecfaf02d83303c3b5,1.955033
\xccdf72de615b5158bb37931bbce645aa69221520,1.93164308
\x8ca61e380ebbebe412b5787a20b6ecdf2ab21997,1.92217811
\x0ec0e48673e4901c3a28ade2540420f68996e79e,1.902360896
\x240e125c20a4cc84bd6e7f8d1fd07aff4c06d43d,1.9021994849491861
\x2092b75719ec6f1dfe3f0d8c73239ad0297522be,1.8927019459184098
\x4a232983530cc4b1d845cf83c0d98f07f5884890,1.887837
\xf0e28a5485abe4ac9ea2fd7259f2f3f1366f950e,1.86886376
\x94d50168d9bc80cc39affbcba8232acd89f117a3,1.8617097
\x50a9a8c8ce2bb0ea10f4d4a586ac2d77257b8247,1.84425163
\x568b265374f86e0c03b8aec655ea18d9da0e80ff,1.83448948
\xe3115696fc96b8b15bd7afb0213082be4595cdd8,1.81126894
\x693d47204555361d4d51311f97102a1507559802,1.804659277488667
\xf3a6f2796d5b16f658431bd7a19087a37ea9fafb,1.7975420994083804
\x2a37a183eb7f18cae3fcb967404e472729f21e96,1.79619682
\xd9932453997ddf36fe114c9f22bebb9ee77b2921,1.794868
\xc4856c6c04ee3416daeaed3e5abae3622bbe1ebe,1.7924964
\xeead01fc953aea34212d56014aa61ead16e76d4d,1.78260827608
\x6b4888b308d6013407190dfeefbb4c7dc2eaa61f,1.77198402
\x7d922a4f7f24ffcb130c4eeaf291a6475e3e4dd2,1.771
\x4a8d9b64ee9c7e058fe9c8cbf96375b02da006e2,1.755767548
\xf982928d81209c387be28d6bb58012021e9f56d6,1.754646242
\x05e85d73eaf6fef228294fdf867abba98552a99f,1.72710242
\x6372fe3cd2244286e727027426479181c91e33b3,1.7
\xf36b756013f80b162e8713fb37df7dda0cd7f143,1.694
\xca25f343893dc646a0f753581f1d8589ec34da7d,1.69
\xdada0b3e40c3f2a2586658c2097c3bbcf8294b42,1.6788359289149084
\x95115419b09e8cea70a9bdbca3fee8c5e118b228,1.6728657278781167
\x1ec6ecc934ec1ad85bb4b579cfc53807da435a4d,1.65966542
\x74dde07c099e4f017e95e30d0235ada70c7f126f,1.65371306
\xda7a139e03fe696b760af98f9df89466077bc12e,1.63990813
\x0596e5e05fd430f7d83b38b23e250bfa98900d7f,1.63277051
\xe84a5d3eebbf460b005a9d4d58f1c3576c7036ce,1.63194779
\xd6d07d0463c3157725804055da4afd36201ea99d,1.630359
\x425e0406395243f087100c8f7b67c02217974123,1.62967432
\xac57457748d66139ec89a6d1b13bf119a1efb31a,1.62877017
\x97b20481241fe3cb9cc9ba50609d377b2506cdaa,1.623867668548375
\xd0e45dceb9b9a3ab8bd59a989cbdbc03d1507afd,1.62002425
\x0e50fac3b2eaee7ba87b6d644b6c03e946b19f8d,1.617565
\x4ee78087a5cab2a24c49edcdc3d6bf61045d2a53,1.61753732
\x335e40277f127c620560faf1cfa001e5899864ad,1.6109053885804996
\x3963c374e0e71018dba76814c13fdd5458d55898,1.61044389
\xb9ba61669e7652970180b3b98972b001b8fc88d2,1.6
\x30be08e516b049afed7b35185497d9ec8d430227,1.59061078
\x2457119f041c0da24f05a4cfa9851446c224bfa8,1.58870958
\xfa956f10da5e16f120eb299df963c1f7563bf66b,1.565880492786086
\x5f621e6a89b8fcc0de41745bf1fbfdee6ebcc56f,1.5618345
\x7513c584e280fd9f5f3a38f83fba342ce70ffd79,1.54636874
\x002bf459dc58584d58886169ea0e80f3ca95ffaf,1.53378461
\xe5e71b33c6a05910a5bdb05b9fc4c826711de336,1.52409605
\x82603fec3241b319ac1a0470f2c08bd90461a355,1.522255242
\x5d82db63cf0c54d47006d416bdc7dab09ea2f3f1,1.51
\x4886df279cc4946941e26de30b4011a2e92d2009,1.505998636
\x7b433d46e875fe540b1ea2d3011113f1b400d3d5,1.5
\xc364451d6316be34cb1b8f8b0922fe59d5cf2ca9,1.5
\xc91293245b669da19a96cd85d40bb9c203359657,1.5
\x49311a81f5f5df6c109599ed5d7413d85b8bca18,1.5
\xfb864b083b6284a864cd3a18378e65babd13ce1b,1.49643003
\xe7dc0c50d0facb2ce74caa90895a742782859f96,1.49334373
\xcdd1c19dcc3f473eaef6edb0a28e1e796d6e1767,1.4895572
\x0a4a2413d7c604647c7788fd3564b3c54fe06763,1.45
\x58a166f9a6ff996e2349eea90d42cc198529a037,1.4409015
\x24aa18952e80707dad3ab4c9c97e787f2af337ca,1.4097991726069923
\xcbf99a459b71aa633ff40eb14db95e0618c64b26,1.343284
\x3b77304d18855138d3d551d2191350827f133d80,1.3400783
\x002f0c8119c16d310342d869ca8bf6ace34d9c39,1.31882
\xa8afa9a714e06b9eb1b500617494ac213f2d428a,1.31530802
\xdb7e6449a14100922cad1ecc5abea0fb37ff2106,1.3097459
\x3f796b2b5c7c5b87f6885b3160a2261d463b46cc,1.30574662
\xd5edb088b7382b397238f5010d14cf10dd395007,1.297
\xdd944483ace0a893c328877608e7975b4ec987ab,1.294215
\x79aa79116c24a715b5eb1287af8a16201450c895,1.29131662
\x520c7dd3d265b6edd88c623d4c9eddacbf082ea6,1.27946
\xfa3572b21b35cfe042ae940d5a74a9706882c6db,1.27680299
\x2276f412d2ae5dc2cdc293b0df70a8273f6f6771,1.25529242
\xf4710562c804087af20b7396ce7cba38b43fb61f,1.25
\x6aa83b12973f3364bc7f17211cfd85c7586fb371,1.24817283
\x567211d48bcfc706edbaf5103196425cdf54289f,1.23831829
\x548f0678ff6b82c2c97913ef3b0f2c515ef2594c,1.23551223
\x9f4562c9be26c7020909b50ccde3447f1b8c4b21,1.2317881587904542
\x878cce43a3b9d8a872a33d2d6ccd561e033707f4,1.225
\x17980b9ff9b318c93263ed52d19f3ca7ad24ed9a,1.21994012
\xf77f1dcf1a2b748797d807718a77173c668d4bf7,1.21490858
\xb4c4523e092f2340557d7298b1541d954b0a3902,1.21
\xa2a3a8e4a1877da1c913df7591ac0d72f27d4510,1.209559
\xb2172027cb233198a3945a2c864f1ec5b7e3b3da,1.2016
\xb2a3fcf38979898e695c88947e3373bf1c2e9b37,1.2000000000000002
\xee83bf55194787acc44d6316623998c1876aed8a,1.2
\xaa9455da13ba39f5d4e6275337c3d5600cb0f5b4,1.2
\x774148e22f021972bfe082e1548e5d9dc6e1d76e,1.1979374
\x85234c92d4dddf239df9c76497a6516fdf546577,1.19
\xa636fafcf1bb16685af835c2674a7ff022bb67a6,1.18952262
\x1597d86b81166cf78bb56ac4cab48ef81f203d23,1.18681082
\x57aa0ca8ddc99096d150f0dd1e1bd50616d809c8,1.17745037
\x14d3cb89bfb1513cfae386d9d6ff447753fd04a5,1.17645966
\xd44c13f838462ef1bd983e9ca5d5b9e158138746,1.1723872
\xc454a957426af08a5ae6b6af57bbbff49eda7c73,1.14595344
\xbe3e5cba8cb230678a7bf5ecdae37783c8df89bd,1.135
\xe2621777f2d10d2fc5cf2f7f48d680044f2e49a8,1.10891667
\x79b01b6f2f312c5391e1d9b8fe80f5a991361482,1.10456858
\x8e8f4161c9c3d2d8857230a048df1fc6f4326948,1.1
\x1177d4f07c6ef70f51cf23493c66e713f7acccda,1.0995968
\x273730ff234b4bd238ce9751bedda309a946d6a6,1.099001
\x19b619237de51af8e1cbd989cd4e01e7299df4de,1.09732214
\x4307e7d64a0f936bb719dda5ca177f493f846228,1.095612
\xe5f08b41bc8e37ee5e5934d4a27e67e059370011,1.09103817
\xa87149fc85936e6807222fb211162d5be440a930,1.09
\xa2b2339aee76a45edbc10ae515fbf23323901597,1.08297869
\xb48bb047b9716a306a6bd3adef52f912778b3c9f,1.0661179
\x8196fa469bd2f8105bae01702c4b84b04cdf4a2c,1.06569877
\x0af16719353eddc122eaf834638406c499197860,1.05
\xd316c5c4b5ff98c0fa187b5902af1b1f11ef6b77,1.038278
\xaaaa3b6d0b72ade31a99c933a8bf737a4e904527,1.02353047
\x3bff0d893f8f595bc40ad266772b583da492b20f,1.02184509
\x8f46233dafd44b331753e53b8785b9d83fbba463,1.02
\x982f12f899a37759a3426165ece2224df21be241,1.015
\xfcf10f54105223dfcd8edce0c62352a059ce1e19,1.011002
\x2eb045d518290aca828046641d29f605ead1a283,1.01
\xe9de9394cff204910da2334230f1c6bc9f7c9702,1.009672305
\x0a104b095bc84815b27d93b232c6863759b79043,1.00844107
\x4ff5a066af7f713478e1933929282fd70bd41afb,1.005
\xfb997ea4c102fad4ec67f8bb069752030c0c0531,1.004
\x4efbb8a016b8d28d261fe31be1404cf12f4010a2,1.00187376
\x8e4a9f46499d34e2cd3c7068e492a67cb6049e67,1.001
\xe4a177146b18e986f0463364dd53f37f601f9f23,1.00026896
\x7a2934bf040706ce585e547fab846dd79057956d,1.00021
\xc9a08162b95915edf6570f0439757e1f655de576,1.0
\xbf3d7084d5669f4a2dda9acf96fd60ad814734d7,1.0
\xf33142f5bb228516f93e4267fb5a7241dc241614,1.0
\x9a88031270e35db9d3254bf66b92f64969d90440,1.0
\xa5e89fa321377b4136793db32fa6afe78a2bce3b,1.0
\x873a35f651892aee1d9360be80ae904f7d76068f,1.0
\x35bf085175dc3e3f750bffa53711fb4acdbf2aed,1.0
\xd22066c4e511698b626aea89cf70fba5fd3f37d4,1.0
\x76256547a138343164fe4a37ffb7b2bed27924f9,1.0
\xf276c0ad29363689792702986667d562a3cb7c04,1.0
\xa902a214fdc137cf9dbc6d455d02e6e4ea2aca36,1.0
\x1d8a1c911a7d7a9ca127b1b71ba906a1e01b6b4d,1.0
\xa43d3805105922989e58a5188193c283fff471e7,1.0
\xc8ac47854a3fed2b444beb83f4c95ba092a3a735,1.0
\x0153775362c3071c1860e8dbfd53ccc82fa226f5,1.0
\x17bd6f815fb71a77dc20e12177c4d763a3f67632,1.0
\xa592f4891ff2d233c93b641af65069ed663295bc,1.0
\x7aca311f96b05b944511cde7891702784e2a50ae,1.0
\xa0d67bf1ae91b6b705abd4f695cc13edaacd0d02,1.0
\x5c0ea45d4d78d062667f9ea17534306e409acf0a,1.0
\x362f1d7c705f0d8f38786b4d6efd6ecc54199be6,1.0
\x135a24a24e524de187efab379fc655061a67cbd5,1.0
\xb516107ded86b21f7394c26090adf0661e6a3759,1.0
\xcb89576d5e1627f4a0c64c2bb4d51798e92e8b8f,1.0
\xd243018b2825ad409512a200e744529bc1b129f2,0.999916
\x8db82c361c101cac757d709200b23ffc8e69fad2,0.99987404
\xc0ecbcd3a5977921fafecffdf96b4bcae1573b99,0.995
\x995000b1f9429233a53f53f6475a3efdd8daed11,0.994
\xb9b848702a47ae78a70d18c45e552ab1637b5908,0.99055938
\x48dcc01a31e38e14f6a63846e371c6e9cb0c3f3a,0.99
\xe2e55d8889141495e8442ed4ba48c6f2e638071d,0.99
\x08986f5cecd3cb8882e4a34a16961e3124377291,0.99
\xb0d46eb7e6aac501bcce47f05ace37527b8b329a,0.99
\xa3d120c2a03a58489f65d24880ff6b43d7a63235,0.98029
\x65f6c0e45758526982fa5f63ac877384ea5a91bd,0.9608453755051696
\x56238ccf73f97ad6ed170d1cf8a0f25fab11bc7b,0.94755401
\x1494403137159bb0dc545d11963fdf797ea1ecab,0.94338922
\x6dcbe06db7d7e56941c92b5cd9ea8dad65d4417c,0.939
\x540c6f30ae667319e032a8988dcb81b28a960433,0.933
\x6642cec9d02e4e669103a3ed4f3505f437b8fe73,0.921264754
\x751d37b94dca1ba7a5f5b46e4fb33ecf27f3bdfc,0.91318525
\x30fac621bd26f6828551a79807ed3c2a70b1b082,0.9087453197777777
\x0cbc569253e2419856e4a777cf406d35444d8e50,0.9
\xa5e83199a7ecb6669064d492f15ddc096b6cbab8,0.9
\x1ccc9b2769741ab0e1620721df7cf8ff1d70716b,0.88828353
\xeecc46a74cea6133a12672bd62d5167877b4d521,0.878921
\x0f23430d929f24b86cb3bf375b94d96361d0420a,0.8783
\x9d0b8447f16d6bc1de2b52d63e9c487bd778a91d,0.87
\x07315f6ddf3348c6d5f561ca6cb7451f103075aa,0.86844351
\xf855fee50a8915634a105385cb6cb9e442d15457,0.86
\x521ff702e1eed9e48cbe17e2dae6efd77b9d6876,0.85
\xe949a4c861089fbde6ef1175c23e1485d5970567,0.8488580504952294
\x3389a9cacb4a3fdbe43db14d132b3f1e215a835d,0.8484994337733764
\xa9a53dcd4c6bc74ae56cc52ce48390d85be98c80,0.8
\x015fca1d09287823e634ae51237ee1eeff03d9d5,0.776194
\x5d0dbbf6460ba020a5ab06006ea447ffc7612b2d,0.77
\xa82c7c0ef05080463e4ac55db8b8531007f3a66c,0.71332136
\x821efcb121b9c646dc8d5fb61e9c8ee9c30ba9e4,0.7112
\x3fc7ca472d19f24f544fcd79bca992019650c1eb,0.70464701
\x94ff38c3e18bb715cd9061810942d16a587c6566,0.7
\x7b16e9f14cb9fd74bf254c620996c7f4750ab1b4,0.6881211935560859
\x00650a784ee109797ba8c05f3496bdbf2b2b7a1c,0.68
\x0ed78cca6cdfa68e08b85c463f29dd8741ff06ad,0.66693852
\x97b57ad033d354557bde36bd9a418e80d8d962bc,0.66647488
\x63517fe71fcb339767aa6abd14ca10341dcf267d,0.659963705
\xe5b913f91f2b90c5cd04d711e1eb3214c56dba98,0.6497405911762757
\x1707bc69d91f86a6000d318e85d07b00747152fe,0.6471082
\x9b6e8391f1d660141ea45ae9f28f247a9a862795,0.64
\x29aaa966321f7d82e119bbc965a58cb62d703445,0.64
\xaf313b5cf52d7a2ad7785d008660ab68421db2d1,0.63
\xdd1f234967913c25f176bda85a9825ba880e447e,0.61459
\x86ddf5b305b9081fb5208e903edeb013510997cd,0.60883531
\x9fd4351644ea4c47b127ef3e237476570c01884e,0.6
\x74104e8c7f546c7398d198f6678310ce9d1b8814,0.6
\xb0dba64e6a353a74cc78e8a98914c4dff517ba7d,0.6
\x821006cd8ad55c74936d277217ecea6863231e48,0.599832
\xe08c6d06107ff83a2be9177e2dbe91c87f0a9914,0.59
\x2a1cbda9f24255ff3489561af72342871c06b7a3,0.58684236
\x35124e63425645e352b56a06482cea32bedec838,0.57314152
\x45d6d4c1f56e51b05de3df70f506cc52c99fc6eb,0.5712803
\x4349b24ee0bb23c51569e63b2c1d457dd75464d7,0.5709933
\xfa609c2440672e85c08ac80fbeeb5c608a65afed,0.56167248
\xebe808320931473e5ed488e582f93dedf8369a77,0.55616139
\xa22270850fabde01e1f5c5879ea65dd82890af31,0.55597288
\x27ec5a27e521364699b870e5d8b5245d97cd0031,0.55491869
\x566e797616526498bc274597805f0d4a2682a6a6,0.55
\xece7de131f2e338c6e76291ed597b359b2b3be7d,0.549958
\xa95391c51788f884beca472bf71cdb000a2eed65,0.54991214
\xa9072b454364d1e767f8cc006eb53ff59bc95587,0.5497343
\xf950000a614e53d35505a40764e7ebc100fcf0df,0.5486408
\xa213344262535d3ea5efeaa7f7cf74e792da6258,0.538451
\x454d37c917adaa6d1431c628a3c645866ff8d91c,0.52881794
\x0c2cb2d98f9f5ed558d9560d0e38e47187b2bfe1,0.521965
\x6442dc8bcb92fcd556c78d91f551cdaad62654f4,0.52
\x92fa227d01dededae2a50b9da02413c48a872424,0.51965969
\x9a27f038a711d84b4b5da0d3b96827e11b1de6db,0.517
\x787e8f0e406cb71a22fd2023316f231d0311b14f,0.510118
\x9145cb518fd02877fe8efa077c3ead95235fda22,0.51
\x718ee443ffdf50b30a5e8226d4ff71e605c5ca7c,0.51
\x9c3c750372e2dbc2f8f2e6c58edfa6e1d7e463fd,0.51
\x4fae1eab137daf99e12b5aa7fe963f7ec3dcd40e,0.51
\x8bb8a410e770a693c169a6b2b5286297d9eccbed,0.51
\x2a21180d900cddc46416117903edc0ee83286408,0.507
\x74f59fd3fb42295a05975456a6cdff4e71174cd5,0.50513095
\x960cf466795efc2d47cd37ad01bb43bfaaae3618,0.505
\x710b1d822e0e5b9d55f123598f383667502c3a51,0.504
\xf7a5a8a2d0d46377a7f9607df66ff963a23034c2,0.502
\x68e2ef6244be67fe149c8309e1c5e978fa1a3cab,0.50161887
\xf5c86c5ba5291da78a2b4119dd7aef99e3508362,0.500257
\x96c94575af5c6755123de2f2a9c4f7b62c43c511,0.50001
\xd50fcd07007255599a9a8cedd881f863bcd65eb1,0.5
\xd996bf1d2f9e0fe8fac4d83a0696102fe87c9eb9,0.5
\x832ad88f1e81d46f9d80298597c80b577b6d4736,0.5
\x9acbafedd352644dace6bc666df884e69a8102ee,0.5
\x2246d2b56c283ea88fedca9c1f81bfa411bf2d9c,0.5
\x4a8264933388e0f526fee7b5e2b8a9ad74d1a11c,0.5
\xba288ec9c48248aae66398658c9abc4507e0812b,0.5
\x4c569022016eba68ea10dee702670dc82d2749af,0.5
\x05f71263372ac109cd13faa86d13a0e5830fcedc,0.5
\x47d6287a9fc4a1f69c0b20dcc29928ebb44349c6,0.5
\xb359835c08aa76f1170f63c4f22ac7d5f9303b80,0.5
\xc2c43555ac0fb6fe3a2c9cb9b5b61bfe4f726f9f,0.5
\x8b0e77fe177d555408339e26921be7d76d398d8a,0.5
\xda9c7d72d902db64b42b663358c47559be293f80,0.5
\xffde23396d57e10abf58bd929bb1e856c7718218,0.5
\x64aaf2fd9910e9ad85dbbb695664ff8812664e10,0.5
\x4bc69a335d353dce4de09399b24079aed48f7865,0.5
\x577cad8d4c0511ac704cc2d4d0a01d20917a3035,0.5
\xd3c75c3c553f06eeb345e2d06340b6b473d45ada,0.5
\xfcdd417b449c982fc9b6d7b117e417682e81b627,0.5
\x478dc7121a0339fbba4cc5b4acbb8a119c8a8f19,0.5
\xa6b60dd3be491aafe5aba8622b35c0ead608d3fd,0.5
\x1901d590f5ddbe8d58c69b324c13f884ca1d0b31,0.5
\x017f86b90a46d8fd999eaefda1339355b98da12f,0.5
\x68e45b998240d77fbe30be84bd8397a51f0ef962,0.5
\xb4a50b673cbfad24c3bf3e3e4ca46be6fe7a87ea,0.5
\xc82e2dfc140fb5d94b612af056c45d08c6560c84,0.5
\xad274ba3de7f07c7973c7b40b0111ff53dd14b06,0.5
\xf8abbdc8578b940b82906a2e8da893b164d4fa59,0.5
\xd79ab5cd842c068e4f592c18ee3fac4e806d4c31,0.5
\xda5f6405808111de82084e6804adf7153edaa8ed,0.5
\x0e42f55da7ade5673130e23232cec6094d34087c,0.5
\x4491492c21605d923f1ef9e947eeaa74799dbdd6,0.5
\x58b62d0e9cf118c6eebe4ce7e9680a8ec533c094,0.5
\xe30ee6f6a973a07687c60be30c1b17818bc1c2a5,0.5
\x88c2a596eb0bc49b237baea9f2deb41c3125c4cf,0.5
\x8a65c8565504a2bde31f9c09125f5b9d53b2b07e,0.5
\x3095e50d8b6ecd80edc83943a19e00bf596e525f,0.5
\xcc5b3a953f53503f2a66122a65382d8b468dc936,0.5
\x98a630280447461ab2156919b0941ebdeae5bc41,0.495
\x117262defa4ece46a009e5e883d7c6f9d2d69b89,0.48890045
\xa2f11a7c5b68de825f35a47c5649cb1eafba77ac,0.4878156
\x075dc757633700b257e090d62b62aac5997a99d4,0.469
\xfc6bb078ec56c85e8f7addfed0f2de6cb86ee3c3,0.4571
\x4577a58d2b8af56827bba7a81cc63896327ba968,0.45
\x7bb386c33486fe345168d0af94bef03897e16022,0.446
\xcba658abf9c7b7fbc5f38bd103d46b40eae57e0e,0.439367
\xce05a1bbff026ef875e94623753642806c0326d8,0.43845685
\x2d8d2ac5f701363b17f07a46e15e2e97282f5b0a,0.4085154
\x5dfae1c25ec5232f1d725d5265ceddd7102be5b4,0.4
\x23f1909f7a65cba4d2a4a42ee1ba7d9772c3ba93,0.4
\x8c155c3f4c79485dbb0eef5b4076fd426b3f8c65,0.38851953
\x70a1d170d055d0b5edda1056747119550cfc40cc,0.38658178
\x8b3b831d767fad1ab0ad52a38777acb98630f8a7,0.384
\xf4c87c851d772b0f9e72cca0690327f2bc505015,0.37
\x2b22b2c65b185182786f087c1a0035b5ed76bbb7,0.35
\x9e78d3aa219e4255d86a7b71fd10a5f6612c8739,0.35
\x5e1f89284b8283edcd082901b78c7589f39d5b51,0.34222868
\xac1a4f4d49715e31f54cb8e0bf867bb9170c10cb,0.329
\xa3e52a23060ccdfe186822b52bf60a07451e094e,0.325
\x4c7e065915f3b1461248da453dae0609253e15f1,0.32
\xd2c42e8ec5e691bfb6f2e00565cb4455c565d9d3,0.31378045
\xbc210ec2efada9df4897dc9b23c58e96c01ef711,0.31
\xeaaaf85e36267d4a44532e4df628254d6ce7f9cd,0.31
\x10c44ab858b90e09c725158906f71833ff417acc,0.30524875
\x9687c850cfbd3e0d3b7dbf56ee91365700e18b91,0.305
\x2804e8b4c04c655376d18ada84d46fc345240e0a,0.3001
\x414bca672494b8f078112c52ae258f9e8de1a4a0,0.3
\x71b7767a9464ea1ad82db434f06d9330d34a9fe5,0.3
\x4e8f5917a0823a51206b8caee095b0995e8dc943,0.294503342216301
\x85704b506e10b10d714ead28cde947baa58f0ea4,0.294426
\x205906790a597972f97fccda132d89ee63f15c10,0.28
\x89f4d39667aa080502c517b613a6c92786aa14bd,0.25
\xfe68f28599b19c5d8a562e8cc7f7b07c36e0a99d,0.245
\x096c13f383a32253e238bc148307753d14868235,0.22482344
\xe64a2686c1e46438da0f1f1adcfa8ffc02063e1b,0.22478144
\xb86fabbb253b69906ab8311de95a9008c738e92e,0.223487
\x88bdeb65ed500794118d0e5fdf5808d23bb74e73,0.211
\xf7b81abd0244a9c6bb475a0217ce193bfda649c2,0.21
\x2e3a90d922c6d5f73136f83eb62a86e27b792487,0.20484308
\x1ccf09f238a9485de914022d47a99431b7ae9a2d,0.2
\x784205acd9423a2044d09e41642a71e087162861,0.2
\x2511a5cf945e1cda14e3210d2a56ea0de1d3e031,0.2
\x7fc94073a3adf4553d59d09e0b0808bb9d408735,0.2
\x233ae9c0fb89305756ea856e673a0f80229eb33f,0.2
\xfb2050604a065cf9699bcf07b33accb6f5c27231,0.2
\xb177fc9a7caaa9c50d82c5d2533750f1d72aac86,0.2
\x31e2f659e5371f95de47be79e1d5027caf0da39d,0.18106500214500215
\x8781ebb17371d0c530285433308c02b81b895dae,0.153
\x4423b4d5174dd6fca701c053bf48faeaaaee59f0,0.15
\x9441a81fb67f44ce7b31c311317e136e7067f8ca,0.15
\x51dcd13361c5d921d2c4818e419011301e7be34e,0.14063
\xb3ec0cad78b4ddd0bfda3edfd517dfc185ba8e34,0.13717983820162907
\xd4c9f4dbd26ae8c9b87a0d9b3368c0096241a162,0.13485846
\xe047fb1968b9143ce4284ca0fafc012b3aa8568d,0.13008987
\x18502a1f6ccd21ae49d932783d2814cca62591d9,0.13
\xe45aa28d270a049b489ccbb156c2e2c3de0d571d,0.129995282684989
\x9b398c9d1b4516b9c3ccbc4c6b6350702ed58c4d,0.12744205318215626
\x052f585fa599bfb4bed290ff30c057627ccd8059,0.124
\x35647d709bcd5b451f8c62228876975e8d31f85b,0.11969366
\x508d7e3310c49188cf5c7788d3043aad80fe3656,0.11492083
\xe88379631857c0d8174efefdf8dca25b29610f08,0.11387602
\x25ce2252a80c1c4fdf12fd9c608858c23b3094ef,0.11287304
\x6cfdde4e08c9e2cf1b9a32d2c31203966b17f816,0.10873845
\x3219ebdcbc9f79f59c8c53105f3e74e0289f3ea9,0.1073
\xf021428381172ef96988b31f241f4000259488f7,0.1025
\xaac6020b6216be72af7b3c322dd27cea257276b3,0.1005
\x633a5b3a807b7532d308ea7b44bb32732aa14a72,0.1
\x760a412a14f2fe03c0873b473febdf79db288fce,0.1
\x02673ebfbfaed5891f6b14248b0e2753a8758fbf,0.1
\x31fca2139b07c2a97287de51f0219a34f4181710,0.1
\xd912289c9f079b0655737a55fd5d745501ecefc7,0.1
\x7aa266963882f13eb0ab5920e16afef2f26cda8f,0.1
\xa82e2b7ee7c92d6062db14de092a4838a816b1f0,0.1
\x46f136cb5eab40f02282aaa7b4b0ccb79e71c523,0.1
\xf6f902e60c8825662adc5693746bcccd866e90cb,0.1
\xa5797ea738abf85db7b3f2e04a4a40a5180044a8,0.1
\x4f1872383be22878af5d4795b69be61b35ec5d10,0.099517
\xcae453eb95b584331a8a5945d8138ceeed9d5af6,0.09744272
\x7c99f9cc14994f4b0d2e8cdcfda4811bbfb69a57,0.095894295
\x3d7285879cea71d0063e96f2c33b6b177878e1e2,0.094
\x35919ff0a88a0bdfd1b0ef3be574bcf6c1e90e01,0.093679049
\xedf202629bb7e9f72d4c62c325d198513fa7a3d3,0.0936584
\x379ce20c018fb6301c1872c429ec7270ffa4dc5b,0.09
\xa2f3fda8cf36b1aba1ca8b006d991d82211c7a38,0.084
\x0167409e6106ec3e3f05a09fcf04606918d21ad5,0.073349
\x8d630073940fde8112c6a5295ba3e490ca992ee8,0.07319502
\xaba49b563feed7f617ae2fcff86c3a6e8821c387,0.071
\xe575d2262f516a392e018bd5db9afbc6ae656c92,0.07
\x4ff4c15af13f6d4950448104d9b97387a03da6f9,0.06892424
\xbefa0509207c8834003af4bd82d13876f1a58fdd,0.06373939
\xf364e3d3fcbefc297dc3724fea7ff86b2e14e740,0.06367987
\xbb802918bc1ac6089315f951f2b60a1cc275c3bb,0.06211112
\xb6591bbfdd9adfe48f174e741c35119b08b02e60,0.05981425
\x9eb041af96d44583110565abec79aedf22eb60b5,0.05801
\x5416400b0d5798dfdcefa2d22335f18982ee22fa,0.05730395
\x50e8de98570b8a2ddff80a9d2e8adcdbc35f3f95,0.05641035
\x9afa0a129d164323965f3f5bdf5f348897c0a205,0.0544
\x0b70f396d0626c9d8008d68c8d9c98e77ddb8262,0.05000674065033841
\x8105ed8a3be363e32c91a0904cd59e0f843d7123,0.05
\x6891f04e4eda5bb6c465132993bd6a5d4f1b0d0b,0.05
\xfbc79a80ffa84253611e8f9a82f18e9e93ceee81,0.05
\xe62adc2a7f08db6230e627bb5faf4f68bc13f88a,0.05
\x7ed44f8b304cd71664cbe8c94614660859fca2c6,0.05
\xd9d25dce4c3765855c76f3d2baccc0755c4d0bc5,0.04
\xdb1492d7fba1bdc26cef202ddacc31fdb98333e2,0.03362986
\xa59fc1920284607dd1d95bcc43f821601faef7d3,0.03212758
\x57b818a1070373e21fcedf48d4368e1703c75852,0.03
\xdaa29859836d97c810c7f9d350d4a1b3e8cafc9a,0.0292
\x4d6102bcbe452015a7d656a97de3f30f10054ceb,0.022487512048132707
\x8b1b4f3a25444005ecd37f7b0c12bc5078c13443,0.02126779
\x2bcc8aefa2fc9d8e52dad098778bb0a8d08a4aa3,0.02071068
\xe3bbcdf129da8cf2b4e9c4950e343a693e9229cc,0.02
\x39af5503788a637984ddf583a8e5128dce765172,0.01850994909763998
\xa0157d54b87bab72ca5081794aa0b314639f46a9,0.016549421739300723
\x9826cac2a9fc7dd43c6d3713694b20b036895be6,0.016139
\x4cdc1cba0aeb5539f2e0ba158281e67e0e54a9b1,0.013541267
\xf73ef0650415656b51be39bd5d37cf5ce03f4033,0.01241978
\xdd0d7fccdf1142b0157d34866c404a249eea2eb8,0.01229153
\x25f754ade28ec1ed771ee22efeaed764847181e3,0.01226957
\x8bcb21d162af74718c583e249ab112b9e6ad5267,0.011258355
\x5fe584cb2d2a937c4abbd0cad57841cc8db97df1,0.011231014
\xd343317205a5111d6afb8343c996f1b3a7678290,0.01
\x5526dc369bbe6b9b2c5e64bb368c1d3ccfa58271,0.01
\x259a0af5bb419bcea7e5aaeb0bed2e98bd8a11b3,0.01
\x83e99aec309c14e117097044e5efcc3672bcd450,0.01
\x26ba821222ee3b7b77f83cf1411dc5105bf2e499,0.01
\xe10c24ca7bf18640fcb35e059919348891922a3b,0.00930219716
\xc25ab34e7f3a1eb2c6a3a23df851f351df0e712a,0.007
\x514e9ca5406f112aba902b0cba87395b914d861e,0.00644607
\x701cb175e6ca0ee8dcb61b4598b5a08e2a60bc2a,0.005
\xf39f8505c37080998a58bc9bdd946b81d4949004,0.004139
\x1847b35a3444edbede05b52a378d45e13eea54c4,0.004
\x3e67df2d3c70c2b6dc7ff69ff2c73d6cb7ee67ad,0.003909555904750902
\xfc74fb0d5df08ec546a3da18ccc7fbcbe031f5d8,0.003781147200060498
\x3e58d0921d63e1529a315b972d94467d71fa633c,0.003517
\x4bc2055440dd519fa4d448d2d6899e6604aaedc5,0.0035
\x7fdfaa3154d3cb82e90f5fde8c52a95d66211705,0.003433
\x71c4409d6c37d0c15027ab6108380012bb5ee6a5,0.002969
\xe889b0d59fd4181857edb19f5fecafa8510f2fad,0.00241822835
\x688e8d92fcff37b37f0b3910120f0ce906f12483,0.00171924
\x015f17e2851ea392351b7f259e4cfd03dc443cef,0.00154
\x6d1ca9ee33f0806bd37a8ac4c418a0ecb0c9f086,0.001515472979116782
\x159ccffb293a06aafaec1b254a00522a2bc40639,0.001
\x04727c2bb15f2b83e7d3ce88b008aa68dccea0c4,0.001
\x5c2f45f806683785e59d4b41547e3729b681d806,0.0009534
\x00d07f8c2194f14c8d694680f2b8c0be66d4d5e9,0.000683003425603681
\x362291375bd3fc2ff0f928184bd6f373f92dea57,0.0005
\xdd1db171b110fb857311fde3236217894e7e9ab8,0.0004
\x4427ee02ffa0bfab4206f445a31239323177b587,0.000241660302945355
\xaf48cfd4eee2b9f185fda12bf0cbbec5b90ed8c9,0.00021
\xf91446ead6aadd4321602b5790a6db4d6f2a1930,0.0002
\x9e12d932c429107608a8ad0d65c60021a371f9c1,5e-05
\xc4b51a247514901faf1b6b1da9f0836066e64407,1e-05
\xe432d9a9be076334474a6a35ede39b278686f923,1e-06
\xc94a6e7776bade5da316cf6fd8c751fb0d5c3c5e,0.0
\x0a5723d1bc889d8f755eb36fcd60483cc8bcf203,0.0
\xbd93c9fe09d09cc560b77753003898f1745a08a7,0.0
\xe886bfcfa373c17dbc07c7b73f1d368339ac5dfd,0.0
